country_iso3,year,BIS_CREDIT_GAP,BN.CAB.XOKA.GD.ZS,DT.DOD.DECT.GN.ZS,DT.DOD.DSTC.CD,FB.AST.NPER.ZS,FI.RES.TOTL.MO,FI.RES.XGLD.CD,FP.CPI.TOTL.ZG,FX_LEVEL_USD_LCU,FX_TREND_DEVIATION_PCT,FX_YOY_DEPRECIATION_PCT,GC.DOD.TOTL.GD.ZS,GC.NLD.TOTL.GD.ZS,NE.RSB.GNFS.ZS,NY.GDP.MKTP.KD.ZG,OUTPUT_GAP_PROXY_PCT,PUBLIC_DEBT_TRAJECTORY_PCT,RESERVES_TO_SHORT_TERM_DEBT_RATIO,SL.UEM.TOTL.ZS
ARG,1990,,3.22031448392387,46.2282372006326,10440396127.0,,5.69957895846503,4592335362.99099,,0.487589083333333,-39.848,1051.768163751431,,-0.107803024709003,5.72821418510863,-2.46721377810472,,,0.44,
ARG,1991,,-0.341028912950146,35.7191930020236,13545803095.6,,5.09620553340786,6004650836.08691,,0.953554416666667,11.178,95.56516937332324,,-0.229466322749109,1.59703253775518,9.13311056738961,5.8,,0.443,5.44
ARG,1992,,-2.42494134682425,30.556438109999,16176291841.2,,5.70506107278321,9989728906.7334,,0.990641666666667,11.817,3.8893690125882507,,0.264562866283836,-1.53460564227824,7.93729155643076,3.07,,0.618,6.36
ARG,1993,,-3.46617829462144,27.6719318453773,8652721196.1,,6.74386056512176,13791118837.702,,0.998945833333333,1.069,0.8382613962330199,,0.483203369491258,-2.40444838036731,8.20697907221228,-0.219,,1.594,10.1
ARG,1994,4.5812,-4.26485898465453,29.5945044681267,7170908909.8,,5.59678188654751,14326930188.189,,0.999008333333333,0.141,0.006256595494424921,,-0.32605655686762,-3.0744484151647,5.83620070368526,-1.491,,1.998,11.76
ARG,1995,4.7567,-1.9834602735093,38.9848417579252,21354822279.8,,5.47248285450445,14287809201.6387,,0.99975,0.038,0.07424028828590945,,-1.71796687810705,-0.410602571195211,-2.84520961057079,-6.578,,0.669,18.8
ARG,1996,4.9829,-2.4875930110115,41.6825294657416,23497457471.7,,5.89789511152116,18103917851.0624,,0.9996625,0.018,-0.008752188047012055,,-2.33400912549065,-0.649274893693637,5.52668982715234,2.687,,0.77,17.11
ARG,1997,6.8456,-4.14468006629108,44.742849204167,31988007695.3,,5.47566058156948,22319837893.1717,,0.9995,-0.008,-0.01625548622660178,,-1.65752119620705,-2.21447863989155,8.1110467707457,4.514,,0.698,14.82
ARG,1998,7.4923,-4.84431604541959,48.5365413234134,30956044184.1,,5.69914835773996,24752133225.8541,,0.9995,-0.003,0.0,,-1.58616081545886,-2.51886405088506,3.85017885156228,-1.979,,0.8,12.65
ARG,1999,5.8286,-4.21229506178186,55.0294127610094,29415210000.0,,6.80464213303423,26252058986.3723,,0.9995,0.0,0.0,,-2.92441883021836,-1.72839593260512,-3.38545704063269,-6.244,,0.892,14.05
ARG,2000,2.2475,-3.15992237703676,54.2417099417586,28325319330.3,,6.28322204626375,25146902694.4134,,0.9995,-29.226,0.0,,-2.77220128165093,-0.649694312619028,-0.78899893905691,-0.681,,0.888,15.0
ARG,2001,11.1929,-1.40694788500181,58.4932935172091,20003921785.0,,4.29371406025342,14553064259.6102,,0.9995,-44.239,0.0,,-3.31954145332982,1.30576071351812,-4.40883968258557,-1.548,,0.728,17.32
ARG,2002,23.9344,8.97078467784247,159.890183546743,14834758132.5,,5.27543170673442,10489340068.7375,,3.06325666666667,40.695,206.47890611972684,,-5.70628319150298,15.0124696397722,-10.8944848285903,-5.53,,0.707,19.59
ARG,2003,0.9932,6.37990680177011,133.474955613907,22386271299.8,,5.70013745215418,14153439664.9625,,2.90062916666667,13.391,-5.308974000437427,,-2.82936804297577,11.2171378217363,8.83704079576924,10.992,,0.632,15.36
ARG,2004,-7.1256,1.95058324319273,114.783966038451,26548725130.7,,5.77837779911896,18884342753.9788,,2.92330081890332,-1.54,0.7816115378410649,,-0.425276316786125,7.00259273903135,9.02957330068152,6.706,,0.711,13.522
ARG,2005,-11.6015,2.65363142179073,74.2469415660219,35040535349.5,5.1808433744425,7.26029776298213,27178838501.5579,,2.9036575,-2.415,-0.6719568091076322,,,5.94048249709131,8.85165992013437,-0.054,,0.776,11.506
ARG,2006,-11.9899,2.79449564264943,52.8779757006235,28250475405.5,3.3907141955962,7.02897239370493,30903465112.9806,,3.05431333333333,0.995,5.18848498258937,,,5.61990933570791,8.04715150043027,-0.596,,1.094,10.078
ARG,2007,-11.5548,2.1036160391819,43.1501917496034,19200772122.0,2.72684750122497,8.17153428618646,44682056855.7802,,3.09564884920635,-2.701,1.3533488991422038,,,4.38033000444218,9.00765087504757,0.372,,2.327,8.47
ARG,2008,-11.0139,1.49940141614234,36.7967786223547,19439501013.0,2.67920601141364,6.71425831138327,44854620206.9801,,3.14416455988456,-6.98,1.5672226741947348,,,3.71912738621024,4.05723310346406,-2.98,,2.307,7.837
ARG,2009,-9.2488,2.1785669619099,41.4241623275672,19285823131.6,2.98195821294241,9.06749992875243,46092988635.3253,,3.71010683052328,3.309,17.999766229140967,,,5.06484320667575,-5.91852507634947,-8.301,,2.39,8.645
ARG,2010,-8.5203,-0.383118699737133,30.9491301873404,16413011633.1,1.84399576317014,7.27697103967374,49733869724.0928,,3.8962951544705,0.432,5.018408699594223,,,2.8966335471722,10.1253981561002,7.371,,3.03,7.714
ARG,2011,-6.3746,-1.00728084144866,27.7441780087921,25745591622.2,1.22770795872112,5.20195157798821,43226830957.7587,,4.11013957621326,-5.352,5.488404067576891,,,1.69226329066661,6.00395169280579,2.6,,1.679,7.18
ARG,2012,-3.6153,-0.39159512386959,26.2396878854826,25251911356.0,1.53673589612636,5.21829041219894,39920301983.203,,4.53693436018746,-13.012,10.38394867279453,,,1.94917655233833,-1.0264204544321,-6.061,,1.581,7.217
ARG,2013,-1.5113,-2.37749566620574,27.8097452222931,36691602982.9,1.53372870982538,3.46015205462158,28143038630.9564,,5.45935266465704,-13.109,20.33131253923335,,,-0.0995822252265794,2.40532378079436,-0.056,,0.767,7.1
ARG,2014,-3.2036,-1.74400211981355,29.8319023900009,33891139953.7,1.79255873857877,3.96299919336678,29016954813.9639,,8.07527599281334,-4.01,47.91636461024697,,-2.90614606577065,0.404163533523684,-2.51261532081394,-2.135,,0.856,7.268
ARG,2015,-0.0924,-2.96292666513534,30.3597130322943,59434245510.8,1.5742013281649,3.36214425707702,23416510884.8894,,9.23318552472429,-14.648,14.338946841463262,,-3.39011034719535,-1.07492198807163,2.73115982828944,1.857,,0.394,7.577
ARG,2016,0.1642,-2.70922168361454,33.3125611167404,41016686116.4,1.70027750562074,5.09719624487539,36323299976.5464,,14.7581750873396,-3.823,59.838389988164906,,-5.33377782706346,-1.03969751087799,-2.08032784377811,-1.46,,0.886,8.088
ARG,2017,4.7183,-4.83995921807391,36.0210140421607,55506714368.8,1.73479928371252,6.05038766582561,53030809531.8904,,16.5627069251411,-29.096,12.227337235953573,,-5.51824569508007,-2.64903441833118,2.81850297775918,1.662,,0.955,8.347
ARG,2018,7.6609,-5.16055257152295,54.8960712180333,67770243690.1,2.95778551361675,7.11111211150086,63963922085.1007,34.2772237131003,28.0949916666667,-21.127,69.62801910127597,,-5.33635226717988,-1.88916445518585,-2.61739646282038,-1.991,,0.944,9.22
ARG,2019,5.9876,-0.779998447561848,65.2499452681964,67016026755.7,5.7029147138395,5.94220121846315,42192526746.9573,53.5483043492339,48.1478916666667,-6.811,71.37535486010398,,-4.92889704924096,3.21914170984251,-2.00086100285785,-1.401,,0.63,9.843
ARG,2020,6.6231,0.696935361136031,68.0983401439473,42606856610.6,4.15006400338997,7.09405401009515,35649970285.7587,42.0150947376509,70.5391666666667,-5.288,46.50520349887246,,-8.6954919523039,3.00713006708088,-9.9004848136464,-5.061,,0.837,11.461
ARG,2021,-0.4981,1.36154422203441,51.6176877458835,43735028877.2,4.29211290587395,5.6049034262494,36448369071.8398,48.4093786255199,94.9907416666667,-25.852,34.663827424480466,,-4.37239542495983,3.05472877060698,10.4418119882506,10.928,,0.833,8.736
ARG,2022,-0.9176,-0.62525456692328,40.0821942544545,49349881960.0,3.09401335778846,4.75930856415363,41197886699.1547,72.430757531824,130.61655,-56.666,37.5045059215858,,-4.42708731934181,0.983156190025194,6.02074537534855,3.833,,0.835,6.805
ARG,2023,11.4417,-3.1951463789585,39.9528949452964,55115208426.3,3.54904853535679,2.45755251575411,18986771972.2626,133.488935594175,296.258041666667,-44.675,126.81508711313154,,-3.59487367618527,-1.03232705601201,-1.85578803046339,-6.725,,0.344,6.139
ARG,2024,-0.2568,0.893118418089375,39.0583452380588,48583029942.6,1.56400803016664,3.55326074207238,24380645448.6721,219.883929014578,914.694883333333,41.68,208.7493855652015,,0.0769698346455985,2.56973633639777,-1.34293072157739,-2.284,,0.502,7.15
ARG,2025,4.9646,-1.10988825977293,,,5.29307311972797,4.05367056004785,32328846045.7958,,1240.85125,51.829,35.65739489851383,,,0.746688558525354,4.36733330217022,3.978,,,7.145
AUS,1990,6.2036,-4.98086922325911,,,,3.2911342342281,16264538724.0756,7.33302368375269,1.28105666666667,-2.121,1.3016007738962942,12.211252069756,1.65358391673103,-1.92058552811784,3.57297569098456,,,,
AUS,1991,1.2803,-3.24314665991037,,,,3.38935828462702,16534602936.4717,3.17666872277308,1.28375583333333,-4.854,0.21069845986465552,11.9025520926005,0.0930525566610723,-0.132245235564831,-0.384631357046658,-1.979,,,9.586
AUS,1992,-4.2687,-3.1637556587871,,,,2.410046612253,11208411273.1173,1.01222824105977,1.36164833333333,0.643,6.067547891700609,14.1253907401946,-2.72981421409614,0.271542317900324,0.433065864126704,-0.774,,,10.733
AUS,1993,-10.9869,-2.97199182738191,,,,2.46473700610061,11102025120.4928,1.75365751770527,1.47056,7.611,7.998516503894448,17.8490180915729,-3.8174837247779,-0.319884544833291,4.04583374101011,2.681,5.638,,10.879
AUS,1994,-10.7804,-4.90706698315176,,,,2.06752690755426,11285105502.8351,1.96963507094102,1.36775083333333,0.174,-6.991157563558792,20.1596024704357,-3.63824296041396,-0.513818089991996,3.97884434177331,1.16,8.257,,9.724
AUS,1995,-9.9261,-5.06318585541186,,,,1.88653543285781,11896174380.3736,4.62776445368168,1.3490325,-0.99,-1.3685484868403708,21.6474459271968,-3.21829081411763,-1.95973008403158,3.89017188961647,-0.081,7.522,,8.473
AUS,1996,-8.5341,-3.58360337747536,,,,2.04645702693278,14484697051.7261,2.61537902431631,1.27786333333333,-7.853,-5.275570949304043,21.777431307299,-1.73126180899116,-0.452068472801333,3.86567479160071,-0.046,3.928,,8.509
AUS,1997,-3.9197,-2.72974894003096,,,,2.01592657347321,16845349197.9229,0.224895027032537,1.34738,-5.328,5.440070534407981,20.8274667149747,-0.402308024816468,0.273705771676295,3.91795814771731,0.027,0.668,,8.367
AUS,1998,-0.4146,-4.44111787888726,,,,1.88090639363923,14640497610.2245,0.860129922016289,1.59182833333333,6.237,18.14249382752675,16.848537830388,1.98745283802031,-0.876065009411219,4.67681373479508,0.523,-4.799,,7.684
AUS,1999,2.5821,-5.58366414929507,,,,2.5041341473426,21212194212.2324,1.48313946657267,1.54995,-4.881,-2.630832261016225,31.0107125026288,0.550956226913056,-2.43595856269776,5.02822035850596,0.487,9.233,,6.876
AUS,2000,6.4084,-3.7148479251727,,,,2.06379898799533,18118130673.5148,4.45743705920869,1.72482666666667,-0.191,11.282729550415826,29.4708236736698,2.00559469633633,-2.15096039274346,3.9160574881715,-0.624,8.643,,6.288
AUS,2001,3.2036,-2.09983536268172,,,,2.26211190061693,17955311177.4372,4.40712998561533,1.9334425,12.531,12.094886829207741,27.6400889435694,0.883368794126112,0.0857831379697614,2.03145880248898,-1.627,10.792,,6.747
AUS,2002,5.5351,-4.03651427027564,,,,2.337860991248,20688544050.1784,2.98157117047457,1.8405625,9.551,-4.8038666782177275,25.8412136969849,-0.439760586523423,0.00422339098701967,3.94980535772942,0.651,-5.169,,6.375
AUS,2003,8.9498,-6.25542304141099,,,,2.93863794104373,32188664489.1012,2.73259754838937,1.54191416666667,-3.451,-16.225927309359513,25.0320718409237,0.801796023091725,-2.08367518435093,3.0912800997751,0.067,-4.439,,5.933
AUS,2004,10.1113,-6.70631316237641,,,,2.56446102441055,35802505509.3118,2.34325687131265,1.3597525,-7.872,-11.813995266706034,22.8245660455405,0.810310224143848,-2.68039021527007,4.21894147547516,0.466,-4.816,,5.399
AUS,2005,14.5195,-6.22018206583351,,,,2.59298920284395,41941218108.6613,2.69182949622197,1.30947333333333,-2.774,-3.697670470668002,22.3700818832059,1.2471276148145,-2.70764782669673,3.15548121323168,-0.333,-3.471,,5.036
AUS,2006,16.8357,-6.17432428646521,,,0.574013140486955,2.85248884994684,53448145957.7347,3.55528696972984,1.3279734405,4.001,1.412789912993273,21.4023842789788,1.71954911021473,-1.84917942413381,2.7709261737475,-0.611,-3.63,,4.785
AUS,2007,17.9168,-7.5509404049246,,,0.559225604529487,1.11922244758873,24768491838.8501,2.32761442623159,1.1950725,-5.257,-10.007801093518943,20.0582738191257,1.62713921191946,-1.63795442213782,3.78947119882653,0.551,-2.766,,4.381
AUS,2008,10.895,-4.87128797048566,,,1.35526208847002,1.18557465037047,30690858242.0435,4.35029726664093,1.19217833333333,-2.081,-0.2421749865945344,18.1404251935735,1.89843331038251,-2.54339650730225,3.62398503565633,0.229,-4.23,,4.242
AUS,2009,3.4978,-5.21460357172589,,,2.01806458457877,1.80269721013609,38950159653.1073,1.77112025681656,1.28218881008452,11.902,7.550084935658985,23.7918159800555,-2.43221139220001,0.280202131148189,1.95484826298522,-1.168,2.389,,5.565
AUS,2010,-8.7342,-3.99211276270473,,,2.1485612599986,1.4494932951904,38659316477.4333,2.9183370211222,1.09015948638677,-0.891,-14.976680671943443,28.5706752868622,-4.00609832983711,-0.926059661229371,2.21004795300735,-0.386,8.512,,5.214
AUS,2011,-14.7516,-3.25393708127954,,,1.96838634633668,1.3329222997953,42783351486.9461,3.30384784681081,0.969463201496735,-9.285,-11.07143371196736,30.0025299553744,-3.77349871745318,1.0202045047261,2.39473494330615,0.208,11.862,,5.083
AUS,2012,-13.4847,-4.42917293903347,,,1.70189150824109,1.36947135285815,44866044630.8335,1.76278299052228,0.965801030658708,-6.607,-0.37775243375643974,39.3096720165071,-3.12788679864283,-0.177383503666214,3.95247138119184,1.1,15.518,,5.225
AUS,2013,-8.899,-3.24439256531685,,,1.36517488167218,1.55435208477367,49744613432.5345,2.44988248109259,1.03584309652054,-4.294,7.252225213930563,37.4031396926122,-1.47630590561229,-1.31422967148145,2.65445302592404,-0.346,8.832,,5.663
AUS,2014,-5.1245,-3.07921525285017,,,1.01384449933767,1.66103068226082,50814059629.7978,2.48792932080492,1.10936329281692,-4.156,7.097618987213283,41.5409287207942,-2.19969034754659,-0.307473555966848,2.60118978187332,-0.468,11.538,,6.078
AUS,2015,1.7782,-4.2950643949091,,,0.88872549882617,1.60125212905097,42752855070.596,1.50836803138463,1.33109026245502,8.638,19.986867338569137,46.293292747612,-2.6008914714184,-1.52545979333904,2.16434780647852,-0.309,6.984,,6.055
AUS,2016,-0.226,-3.60213104879027,,,0.947676353339702,1.88832548352904,49797093722.7773,1.27699365720306,1.34521397601947,4.623,1.0610635478919717,54.463570652249,-2.32750815438937,-2.40711446065075,2.75564065529868,0.249,17.06,,5.711
AUS,2017,-6.9345,-3.00525814878872,,,0.85701375017575,2.08176490163879,62617315118.1818,1.94864309065653,1.30475807671592,-3.465,-3.0073951077478567,53.1037976577229,-1.74795276005515,0.308268917029761,2.29331030192918,-0.111,11.563,,5.592
AUS,2018,-8.6509,-2.58947975974169,,,0.901855193874304,1.57003412299637,51077086920.3007,1.91140002818579,1.33841214646451,-2.731,2.579334081096274,54.3001380799371,-0.49287993211205,0.0519219504913385,2.87417039499501,0.233,8.007,,5.345
AUS,2019,-13.2619,-0.0757460083721145,,,0.961493162441896,1.78228736371468,55603575703.478,1.610770929127,1.43850654421382,4.756,7.4785930487641705,59.9837867004913,-0.140447067668788,2.1232773369272,2.19401703622717,-0.26,5.52,,5.143
AUS,2020,-11.124,1.64272242623869,,,1.10778271314937,1.5961397996989,39151995864.9892,0.846900734607273,1.45308511847016,3.749,1.0134520635293631,69.0656538994855,-4.95342899920865,3.37651067920358,-0.133531904304775,-1.778,15.962,,6.394
AUS,2021,-19.9243,2.44729769999574,,,0.912575245358042,1.73481181496435,53789557714.3513,2.86391284709318,1.33122425957081,-7.163,-8.386353789628508,69.836773674895,-6.84301416101114,3.80139290672556,2.00694844335034,0.651,15.537,,5.022
AUS,2022,-26.962,0.254202501603949,,,0.72166697284902,1.30088944606724,53385301329.646,6.59409658717841,1.44166445896522,-0.527,8.296137829550698,57.8834285733848,-1.3473393407169,5.22841779415654,4.25304559238732,2.211,-2.1,,3.728
AUS,2023,-23.6361,-0.433071259302467,,,0.853813554299551,1.42689960362476,56605094852.0138,5.59701792296707,1.50519106560509,2.458,4.406476572604645,,,4.35779718612207,3.58382100798981,0.303,,,3.668
AUS,2024,-15.1814,-2.3075014713626,,,0.994877225557668,1.35214316804638,54455310269.2777,3.16656665428797,1.51535803855596,0.785,0.6754606231191618,,,2.09766699937501,1.37340773365975,-1.697,,,3.942
AUS,2025,-9.9276,-2.68119524894682,,,1.00178399000036,1.58449713774203,62115044349.9792,2.87403791660173,1.5519978866485,1.825,2.417900401112827,,,0.587427313786729,1.35039785076631,-0.752,,,4.09
BRA,1990,,-0.993090660229478,32.1065884304153,23715154534.7,,2.9297685435826,8238526007.59699,2947.732772483,2.95572678942699e-05,-95.892,2310.108507072064,,,1.23887388797918,-4.35000000000022,,,0.347,
BRA,1991,,-0.423315529310288,36.2352775207343,26311969629.6,,2.90417921149638,8675945140.11072,432.786661926461,0.000175961443086024,-98.259,495.32377524018943,,,0.763195435092725,1.03218958549303,2.691,,0.33,6.887
BRA,1992,,1.8553169096048,40.2284403068835,24089113087.6,,7.68235720772798,23007500004.125,951.962053052818,0.00195302352248811,-98.615,1009.9156089174127,,,2.48324853329106,-0.54407204977727,0.743,,0.955,7.086
BRA,1993,,0.00543047313896343,40.2418824846136,31322613713.6,,8.32447041844802,31104569118.5912,1927.38079016026,0.038276610926673,-88.206,1859.8643071082633,,,1.40722276336528,4.9246900037071,3.12,,0.993,6.03
BRA,1994,,-0.219464600014709,30.2671190323539,32175432929.0,,8.50057189488636,37388536998.0861,2075.88839757325,0.664683514070577,26.477,1636.526557546905,,,0.351393057937806,5.85287036219013,2.442,,1.162,6.579
BRA,1995,,-2.35736654973227,21.2189844098868,31228623433.7,,7.99060658364422,50073008380.8018,66.0070335542481,0.917666666666667,23.885,38.06069313300704,,,-1.92670992225409,4.22379363350413,-0.777,,1.603,7.092
BRA,1996,,-2.73368737119507,21.6665361778305,35921638352.6,,8.64001092885266,58789943587.583,15.7576656002606,1.0051,4.135,9.527787867780567,,,-2.17517210961447,2.20886405039022,-1.886,,1.637,8.035
BRA,1997,,-3.63826290528202,22.9073572977231,34849033342.0,,6.36862290275464,51329504787.1422,6.92671251629154,1.07799166666667,-9.795,7.252180545882991,,,-2.6089101107068,3.39484598630671,0.119,,1.473,9.003
BRA,1998,,-4.05145818781602,28.6093884024265,29880547116.0,,5.35795221353622,43164752772.0479,3.19507629280052,1.16051666666667,-15.745,7.655439513292439,,,-2.37758425376977,0.338097901207306,-1.643,,1.445,10.15
BRA,1999,,-4.46660530392099,42.1767806671039,29230433690.4,,4.99722590078224,35279324443.4703,4.85844749902667,1.81393284657213,10.182,56.30390313844049,,,-1.85236995626965,0.467937566477133,-0.932,,1.207,11.125
BRA,2000,,-4.0477413019387,38.096473476996,30973172427.9,,4.14153415965172,32433984750.6899,7.04414105947266,1.82942312207561,-9.2,0.8539608030557755,,,-2.26366534803512,4.38794944745618,2.657,,1.047,10.889
BRA,2001,,-4.44478653179819,42.4435005758245,28273268000.0,,4.44144456291018,35563040398.0627,6.84035902487523,2.34963170932244,-2.024,28.435662639740578,,,-2.19286368220403,1.38989640095637,-0.692,,1.258,10.649
BRA,2002,,-1.84525901678299,47.0768538372546,23395008000.0,,5.36911462837761,37461990439.998,8.45016437708331,2.92036301775519,11.447,24.290245410304358,,,0.842823140524155,3.05346185909312,0.11,,1.601,10.641
BRA,2003,,0.392877183707379,43.6447539570516,24594244000.0,,6.80818213950274,48846596457.0736,14.7149197228147,3.07747511847802,12.259,5.379882561435756,,,2.22118269421297,1.14082899824888,-0.721,,1.986,11.168
BRA,2004,,1.33863064799445,33.9781537953332,25267023724.2,,6.01897746167502,52461784859.9627,6.59718509985963,2.92511944951586,8.076,-4.950671024027908,,,3.41327054511701,5.75996463670954,2.442,,2.076,10.072
BRA,2005,,1.30988466560485,21.7546275711234,23993000000.0,3.52553179140661,5.01765489488027,53245209760.7774,6.86953720898964,2.43439003623188,-3.085,-16.776388853631296,,,3.40086332879323,3.20213206130431,-0.166,,2.219,10.551
BRA,2006,2.1867,0.9727105230346,17.9925275401458,20323012406.9,3.46066404520993,6.6063279497004,85156183463.7377,4.18356812896909,2.17532666666667,-3.88,-10.641818513446054,,,2.70693271597013,3.96198871122617,-0.346,,4.19,9.692
BRA,2007,0.0371,-0.19709696108555,17.4373059288235,39246096480.1,2.98260391267765,10.7535621523233,179432865855.624,3.64127299102652,1.94705833333333,-6.301,-10.493519747225989,,,1.36273883261835,6.06987060678338,1.659,,4.572,9.28
BRA,2008,6.5001,-2.09933784786717,15.8956462087501,36644096483.8,3.10639256827815,8.33142232895231,192843633608.446,5.67859390284168,1.83376666666667,-5.62,-5.818606701562279,,,-0.189568391678627,5.09419544658736,0.052,,5.263,8.268
BRA,2009,6.8385,-1.7593578735281,17.2780448195865,39786080218.0,4.2149946970135,12.9658318881251,237364464789.493,4.88803479876799,1.99942817314426,8.519,9.03394687497081,,,-0.403233336535072,-0.125812002161169,-3.805,,5.966,9.419
BRA,2010,5.9646,-3.92594604454763,16.4609633891935,65492336215.0,3.10772417173934,10.2280608885101,287056037253.54,5.03872690108075,1.75922671058718,-4.58,-12.01350795109305,61.3187804643039,-2.48178858448736,-1.04100856266554,7.52822581815364,3.363,,4.383,8.42
BRA,2011,7.0271,-3.19461831905473,15.8516033318801,42140332332.6,3.46686409051456,10.5265784637235,350356038764.795,6.6364496221309,1.67282875525659,-12.331,-4.911132534007101,59.3416583028164,-2.71694051997058,-0.769379818781117,3.97442307944702,0.182,,8.314,7.578
BRA,2012,8.5057,-3.75941611687375,18.3256247191339,32583031548.4,3.44682339262827,11.6309530113885,369565972392.636,5.40349914036997,1.95306861112487,-1.302,16.752453291328973,59.8494900007969,-1.84338569342922,-1.35919546987673,1.92117598576537,-2.553,,11.342,7.251
BRA,2013,9.1862,-3.57422079622864,19.8377244708135,33506511326.0,2.85728229301093,11.204987102341,356214148612.928,6.20431066640101,2.15608915126311,-5.945,10.394951768812177,57.2284093845516,-2.84975353765944,-2.3014960354295,3.00482266944432,0.038,-4.09,10.631,7.071
BRA,2014,9.496,-4.4988303801852,23.1060429665359,58176937891.1,2.25174733022776,11.3474043536962,360964711541.741,6.32904015516139,2.35295196276669,-11.412,9.130550626269374,58.4572711058609,-5.37112635331473,-2.66152017502132,0.503955740242247,-1.306,-0.884,6.205,6.755
BRA,2015,12.4374,-3.51839166799859,30.7299282835538,52341440000.0,2.84649627717535,14.6482488458148,354174892918.288,9.02990102416136,3.32690438276879,14.573,41.39278809826996,67.5375540310909,-8.03019066681399,-1.15324310058813,-3.54576339269425,-3.533,7.688,6.767,8.538
BRA,2016,2.0268,-1.700113396765,30.9090873467642,57201751000.0,3.08157613195282,16.6034201407585,362504953620.439,8.73914352329393,3.49131342157271,8.992,4.941802345010338,73.4188038014782,-7.06027781094991,0.39967600829311,-3.27591690782192,-1.17,16.19,6.337,11.58
BRA,2017,-1.5086,-1.22429925769002,26.8156664558868,52408392000.0,2.8789163660392,14.8647023427237,371150619206.193,3.44637335032669,3.19138944630048,-9.376,-8.590577214265826,83.669202649666,-7.71630155733871,0.718201365447856,1.32286905404399,3.156,25.212,7.082,12.792
BRA,2018,-0.8725,-2.80752008594698,29.9289604206331,66843894000.0,2.59786426236426,13.202166862988,371933901818.424,3.66485028376729,3.65382536145755,-6.005,14.490112314344294,86.6078841211512,-6.78706251270613,0.393795614628458,1.783666761634,1.84,19.07,5.564,12.329
BRA,2019,0.0408,-3.41429103072781,31.1964144613097,79179372000.0,2.65554756569736,12.2312070465136,353587904337.499,3.73297621216894,3.9444710972507,-7.577,7.954560140148792,92.5652531945418,-5.3069043382862,-0.644419487260711,1.22077782360842,-0.222,19.146,4.466,11.936
BRA,2020,6.2366,-1.64103541830151,38.0076646022397,68983074000.0,1.86754766697946,14.9438769882272,351518545352.004,3.21176803803376,5.15517878751281,10.57,30.693790381832798,98.7098819468714,-12.4363388244528,0.60502547502016,-3.2767587964736,-3.186,15.041,5.096,13.697
BRA,2021,2.08,-2.35822097223117,35.2910131878973,78752959000.0,2.07937608671227,11.1402301211994,354623061924.661,8.30165975585673,5.39440078962503,9.409,4.640421059531019,85.0115036768016,-4.53656203171234,0.562529977933522,4.76260437908608,3.86,-1.596,4.503,13.158
BRA,2022,1.1518,-2.14967698505073,30.5621181630478,67771502000.0,2.64123318576758,8.33579218529621,317118738103.422,9.28010608956873,5.16397029102111,-1.061,-4.271660701353586,79.1023218878495,-4.46637752027106,0.445464030534397,3.01669435393015,1.516,-13.463,4.679,9.231
BRA,2023,-1.1864,-1.23139445763703,28.628650184641,80491601000.0,2.84264311217319,9.42965093795292,346424359999.494,4.59356282283204,4.99437976287199,-5.869,-3.2841112282151808,83.0317498523878,-6.86868984803513,2.27241877640431,3.24165532906981,-0.432,-15.678,4.304,7.947
BRA,2024,4.2206,-2.9880142706208,28.6612661075538,84282230000.0,2.71543100107416,7.95225602897552,318856510331.902,4.36746407652337,5.3889349057096,1.993,7.89998281209443,81.8554431191023,-5.69048407132059,0.292634941087382,3.41931516501906,0.193,-3.156,3.783,6.801
BRA,2025,1.7865,-2.92630139201733,,,3.87755027454783,8.4209144130353,334296828121.138,5.01675279604836,5.58728623856661,4.954,3.680714952538322,,,0.34996353083392,2.2857464902475,-0.696,,,5.97
CAN,1990,9.481,-3.39880313128256,,,,1.53735331891058,17845377647.2095,4.78047693336304,1.16677362666667,-0.594,-1.4526066729102949,61.7622404568793,-4.52206395102236,0.154133495135162,0.202947848289654,,,,
CAN,1991,11.4833,-3.73448630876752,,,,1.36273737213214,16252483191.0054,5.62586408593005,1.14572584416667,-4.747,-1.803930258531028,67.4447435281779,-5.02783663663321,-0.516833790983694,-2.09105516498515,-1.147,,,10.316
CAN,1992,8.6304,-3.65401317228271,,,,0.944194189324303,11431362685.1101,1.49013290374545,1.20872292,-2.159,5.498442420066918,70.7020527924547,-5.00476034051746,-0.339765824652439,0.890466243956382,1.223,,,11.197
CAN,1993,6.5404,-3.86026630874173,,,,0.888017879732009,12481075078.8433,1.86507936507939,1.29008788166667,1.062,6.731481658895833,75.1877082393509,-5.50253869620916,0.0344025797918979,2.65770683842972,2.172,13.425,,11.377
CAN,1994,0.8778,-2.39799048706512,,,,0.757311657106887,12285589028.0772,0.165562913907291,1.3656734475,3.453,5.858947045970275,75.9438464996237,-4.69827216113701,1.17163233043592,4.49404933882288,1.813,8.499,,10.395
CAN,1995,-1.9239,-0.835225571288648,,,,0.811781644246909,15048997523.5162,2.14876033057849,1.37244541833333,1.268,0.49587043269578857,77.3126219756355,-3.97921649405198,3.13436048392236,2.68232826962129,-0.596,6.611,,9.489
CAN,1996,-3.5891,0.385035905172817,,,,1.03282424599181,20422423999.7584,1.57053112507138,1.36352163583333,-2.183,-0.6502103749114307,78.0386679289258,-2.37278358380804,3.93680640681806,1.68896122145787,-1.266,2.851,,9.62
CAN,1997,-2.4597,-1.37185519267148,,,,0.794660875560186,17822651408.8878,1.62121638084531,1.38459802833333,-2.352,1.545732164867264,74.9283269525943,0.397509747534447,1.92932816993349,4.28016680422402,1.396,-1.016,,9.1
CAN,1998,1.2682,-1.41951458841967,,,,1.01444025546778,23307487320.0369,0.99594245665802,1.48350530166667,2.982,7.143392617162458,72.4828768215638,0.670254684021273,1.97716626016174,3.89288658501088,0.606,-4.83,,8.278
CAN,1999,-6.9951,0.124606928737743,,,,1.12648674765852,28126386617.4575,1.73484295105918,1.48570481916667,0.548,0.14826488975328012,66.2456345741726,0.965056750535757,3.60732994682118,5.14100348449622,0.703,-11.793,,7.583
CAN,2000,-8.4215,2.48322832733607,,,,1.16129866637947,32102319496.4522,2.71943995691976,1.485394095,-1.938,-0.020914259862481188,58.7379742383571,2.19246100809809,5.6531137918907,5.13853918994158,0.414,-16.19,,6.829
CAN,2001,-2.7983,2.13236979231819,,,,1.31951370457923,33961817467.5387,2.52512013979906,1.548839955,3.376,4.271314946892946,57.4583564504362,1.6407536685204,5.73569178749448,1.87509813099847,-2.176,-15.025,,7.219
CAN,2002,-0.7058,1.64502756776047,,,,1.4362408296048,36984083073.6644,2.25839440940855,1.57034283416667,7.457,1.3883215691365525,54.1490287671244,1.47509108318833,4.41027771890333,2.99925533832644,-0.338,-12.097,,7.665
CAN,2003,-5.0176,1.16498628134968,,,,1.28132010174152,36222100799.3034,2.75856321360112,1.4010145475,-0.395,-10.782886576263273,51.2712553317649,1.10596265054864,3.89186957658295,1.8063851195103,-0.421,-7.467,,7.574
CAN,2004,-4.0709,2.26314907015468,,,,1.06751407941516,34428643087.8754,1.85725871857256,1.301281595,-1.692,-7.118623620144804,46.8009507945123,1.49184899586367,4.46311927979187,3.09236381038156,0.46,-10.657,,7.185
CAN,2005,-8.4142,1.86964040462905,,,0.499517649324799,0.883794061681325,32962124276.077,2.21355203439767,1.21140513416667,-1.063,-6.906764929179687,46.0612626047686,0.743043855977659,3.95424825107187,3.21045441502793,0.507,-8.088,,6.758
CAN,2006,-4.0456,1.36362891052774,,,0.420325955427001,0.834629965214521,34993800647.1937,2.00202539534161,1.13434472583333,-2.012,-6.361241682069496,43.2908103947337,1.53200178537542,2.75269877669711,2.63794375302722,-0.342,-7.98,,6.484
CAN,2007,1.8141,0.752359497275173,,,0.431596614050766,0.878669443792734,40991230028.8237,2.13838399266837,1.07404562166667,-4.587,-5.315765374794856,39.1585639491399,1.78676013843287,2.17569057971933,2.04990459443619,-0.583,-7.642,,6.156
CAN,2008,4.908,0.2046335073484,,,0.763250457412455,0.881536944156732,43777513813.9077,2.37027067444299,1.06708691833333,-2.05,-0.6478964387510611,45.3204018722496,0.777649839111092,1.76639847825405,0.995406371264522,-0.899,-0.741,,6.284
CAN,2009,16.0128,-2.96627675991292,,,1.2668705581618,1.36080788737442,54237792266.8962,0.299466803009299,1.1415354059127,7.651,6.97679695067861,53.1923451175655,-1.20419744459654,-1.4427204348908,-2.91508627059555,-2.958,9.902,,8.46
CAN,2010,8.1421,-3.59617272045212,,,1.19245724160614,1.17295270117455,56997958271.2186,1.77687154092627,1.03011273517598,-1.469,-9.760772216051727,53.149541550924,-2.22135923728671,-1.8733508918089,3.09080633744851,2.7,13.991,,8.178
CAN,2011,3.9654,-2.77399195325843,,,0.844688790542747,1.19116603863505,65652106667.1989,2.91213508872351,0.989258158636364,-4.703,-3.9660296533113537,54.1191112874788,-0.911067870977052,-1.14194914298856,3.1371944343876,2.033,8.799,,7.637
CAN,2012,5.7384,-3.53226120893674,,,0.651152891186438,1.19486014225825,68364967361.9692,1.51567823124517,0.999364743593074,-3.042,1.021632712197329,55.7149799857487,-0.516856958030821,-1.88950513299599,1.75566133205234,-0.906,2.523,,7.392
CAN,2013,6.8758,-3.14689861117208,,,0.574918196148752,1.2551770449071,71821453415.7952,0.938291897815317,1.03013736373016,-4.657,3.0792181067392344,53.2423701593126,-0.0719679745141899,-1.56720909877066,2.32581356612762,-0.08,0.093,,7.143
CAN,2014,6.3832,-2.31891905245784,,,0.517878594833065,1.29918684137955,74584186252.5789,1.90663590717861,1.10474713237886,-3.745,7.242700951893988,51.4745859314181,0.948870093172637,-0.905509501984812,2.87346675579731,0.555,-2.645,,7.023
CAN,2015,15.4791,-3.51398363580264,,,0.516596294246743,1.54392945017431,79695445869.8993,1.12524136094277,1.27878620362554,5.909,15.753747273543084,55.9830871905967,0.998721893205737,-2.46497766327513,0.64997101491096,-1.3,0.268,,6.945
CAN,2016,13.5706,-3.09310839278901,,,0.596050944805398,1.65079590323093,82718110857.6299,1.42875954701085,1.3256151637482,5.159,3.6619850910100116,56.0209524890955,0.41273046380339,-2.35853737407648,1.03855091989323,-0.482,2.779,,7.038
CAN,2017,7.5363,-2.80342092867237,,,0.449461039885322,1.59591357331042,86677706696.7064,1.59688412852977,1.29793584646039,-0.541,-2.0880356565585956,54.4551971694526,0.439586928431885,-2.19223542799697,3.03383491841392,1.46,2.981,,6.426
CAN,2018,4.8701,-2.38506947723022,,,0.505214192405336,1.43503478148262,83925602808.0082,2.26822567248103,1.29581792813534,-1.643,-0.16317588660687,53.1446892525476,0.890961741291441,-1.94907665428859,2.74296341402246,0.471,-2.838,,5.837
CAN,2019,4.5809,-1.95169853023597,,,0.503405461160356,1.44775879309168,85297110783.6888,1.94926902411593,1.32679336266012,1.817,2.390415648080535,53.3550343019959,0.238246725404224,-1.46609047151413,1.90843193887251,-0.653,-2.666,,5.69
CAN,2020,20.0594,-2.01049081035402,,,0.52681278365295,1.76069410604191,90428136419.3486,0.716999632307827,1.34115267222386,2.862,1.0822566624052676,74.5543516882689,-9.5393034722807,-2.20947350833968,-5.03823342794087,-4.909,20.099,,9.657
CAN,2021,-0.5849,-0.0219632369341121,,,0.376260029910392,1.72003903449133,106615119570.101,3.39519318527528,1.2538769021268,-4.623,-6.507519382736793,68.7631935004671,-2.40861609274816,0.103319921461086,5.95052804984759,5.01,15.619,,7.527
CAN,2022,-17.2695,-0.442142105058685,,,0.334331435857722,1.46541502582442,106952377364.743,6.80280115341613,1.30155477474355,-1.634,3.802436470109627,59.4286687896911,0.614038426019839,0.489254589402172,4.69541985045903,2.826,6.074,,5.279
CAN,2023,-13.785,-0.693744929649431,,,0.454242517964679,1.55714979575801,117550899244.64,3.87900159788426,1.3499086407939,1.15,3.715084988250106,60.4553957724957,0.587514977905376,0.108761598286254,1.95308552199025,-2.247,-14.099,,5.415
CAN,2024,-15.4875,-0.487852623579789,,,0.568690030721405,1.5422071135267,119778473396.958,2.38158383281173,1.36935976604092,1.08,1.440921604559886,64.1314232901439,-1.16896907916261,-0.18326866762038,2.04626605401701,-0.852,-4.632,,6.351
CAN,2025,-15.2549,-0.948637766653122,,,0.706375799816991,1.59858615113231,125626898210.334,2.07232411149103,1.39810565893901,1.869,2.0992213741754417,,,-0.845731339786309,1.74268536175708,-0.171,,,6.907
CHN,1990,,3.31811936794009,15.2545555786247,9317000000.0,,8.50061506335466,29586161158.612,3.05229012075233,4.78320833333333,-8.14,27.04039060407737,,,2.95054575453738,3.9225195692421,,,3.176,
CHN,1991,,3.45166169027996,15.6399885253672,10780000000.0,,10.1087909129257,43674299103.1198,3.55668565220452,5.32339166666667,-0.419,11.293326480657306,,,3.0170831275571,9.37563237902144,2.727,,4.051,2.37
CHN,1992,,1.49380742683803,16.9200402998271,13765000000.0,,3.76716826644375,20620361915.1072,6.35398134024869,5.51459166666667,-8.096,3.5916951442297673,,,1.16638798927299,14.2976226152779,5.099,,1.498,2.37
CHN,1993,,-2.59966643215884,19.3190751638254,15296000000.0,,3.15485276716324,22386849243.5518,14.6100786356602,5.76195833333334,-14.18,4.485675125538235,,,-2.64064661624748,13.9261028311995,1.393,,1.464,2.69
CHN,1994,,1.21849357261851,17.7890656562981,17483000000.0,,5.8589383126685,52914062884.3961,24.2569897243361,8.61874266666666,17.868,49.58009357350988,,,1.29769212706346,13.0827122987906,-0.686,,3.027,2.9
CHN,1995,-5.7443,0.219237328483813,16.2874317424702,22325450000.0,,6.32825586255357,75376702869.5104,16.7912268492666,8.35141666666667,6.155,-3.101682116973792,,,1.61990618701885,11.0154136659719,-1.659,,3.376,3.0
CHN,1996,-2.4573,0.833943624966418,15.0729036566378,25407080000.0,,7.71067045739524,107039425039.4,8.3131587270211,8.314175,-0.674,-0.4459323268507731,,,2.02066969738529,9.97328781228394,-1.384,,4.213,3.12
CHN,1997,3.1599,3.81946407941415,15.354551130007,31464000000.0,,15.3584570935983,142762467746.157,2.78646505531882,8.28981666666667,-0.153,-0.29297354618263993,,,4.42501286569947,9.29759460595947,-0.798,,4.537,3.23
CHN,1998,6.7883,3.0345158579566,14.1318707977253,17340000000.0,,15.3155648378232,149187895723.126,-0.773186011549318,8.27895833333333,-0.108,-0.13098399843993747,,,4.22671356721463,7.92354535108497,-1.141,,8.604,3.24
CHN,1999,16.2307,1.91286225540032,13.6615840127677,15180000000.0,,13.6364945397097,157727874491.999,-1.40147268276465,8.27825,-0.027,-0.008555826769629515,,,2.77584309685704,7.74123827728161,-0.58,,10.391,3.25
CHN,2000,11.2446,1.67667411710879,12.0674904520501,13080000000.0,,10.9413586396921,168277583225.843,0.347811226864587,8.27850416666666,0.007,0.0030702946475447135,,,2.35225624908626,8.57357328926101,0.494,,12.865,3.26
CHN,2001,1.2499,1.28417196444636,13.7974796431789,56300000000.0,,12.6317565159013,215605127617.14,0.719125609120114,8.27706833333333,-0.006,-0.01734411560860849,,,2.07272781415574,8.32404695347056,0.111,,3.83,3.8
CHN,2002,10.0878,2.37759984341841,12.5750011598232,65680000000.0,,15.2992330754394,291127828205.212,-0.731970902350244,8.2769575,-0.004,-0.0013390409365654499,,,2.50920440442025,9.23604870383861,0.525,,4.433,4.24
CHN,2003,12.4717,2.55665409110255,12.3787059052059,88093000000.0,,11.442740318432,408150659048.593,1.12760348729637,8.27703666666667,0.201,0.0009564706194176154,,,2.12726757272195,10.1138119025242,0.889,,4.633,4.58
CHN,2004,3.5486,3.47450259619584,12.498797023213,115770000000.0,,12.904400622439,614499524349.601,3.82463743108159,8.27680083333333,0.94,-0.002849248382452707,,,2.57909845203698,10.1404291872206,0.31,,5.308,4.49
CHN,2005,-5.486,5.71199843031159,12.4207698558109,148267000000.0,,14.1697653869492,821513849695.566,1.77641407667571,8.19431666666667,1.593,-0.9965706355343218,,,5.3775205589607,11.4535130030645,0.884,,5.541,4.52
CHN,2006,-6.4127,8.30532573537484,11.7149234706927,173377000000.0,,15.3932049867437,1068493029869.9,1.6494309945586,7.97343833333333,2.222,-2.6955064384055594,,,7.48411387417746,12.6752842281595,1.252,,6.163,4.43
CHN,2007,-9.1905,9.79958953536148,10.4578919345278,203698000000.0,,18.0957914112379,1530281623043.37,4.81676767378834,7.6075325,1.284,-4.589059550428121,,,8.54692723831214,14.1507710506103,1.391,,7.513,4.35
CHN,2008,-10.6771,9.01086996317632,8.22892604529672,187188000000.0,,19.1459316518489,1949259953570.11,5.92525137041092,6.948655,-3.842,-8.660856854702892,,,7.47389420396512,9.66877608164454,-2.496,,10.413,4.59
CHN,2009,11.9356,4.68740638141982,8.77227533334717,240509000071.4,,25.389762462257,2416043687067.79,-0.728165250932898,6.83141605176666,-1.335,-1.6872178606268329,,,4.24177919196867,9.40610014336416,-1.669,,10.046,4.72
CHN,2010,10.6286,3.8402567341525,12.0447325547345,512323000066.2,1.13237045139299,21.8294857327459,2866079316315.37,3.17532475269199,6.77026902870939,1.582,-0.8950856249116401,,,3.59141806659602,10.5916903885704,0.703,,5.594,4.53
CHN,2011,5.8531,1.77399724587567,13.8686604058138,771361000064.1,0.961585528954036,19.1307572380525,3202788473563.49,5.55389892257493,6.46146132655007,-0.81,-4.56123236535827,,,2.35793856438755,9.46205248298186,-0.358,,4.152,4.55
CHN,2012,12.1883,2.48328422404794,13.267674396391,792108000065.4,0.953674330051852,19.0830480218235,3331120013773.81,2.61952432645541,6.31233282683186,-1.009,-2.3079686185761505,,,2.6731955806883,7.8578201481217,-1.446,,4.205,4.58
CHN,2013,17.1569,1.52111320885029,15.3174464256464,1077031000068.4,0.999702805112438,19.5432820448992,3839547760252.93,2.62105001748115,6.19575834608231,-1.154,-1.846773355391318,,,2.41064480161362,7.77842954757257,-0.588,,3.565,4.6
CHN,2014,18.6307,2.21130586371267,16.6392988330873,1239452085974.1,1.24873335628106,18.9654201864734,3859167962991.09,1.92164162788521,6.14343409448867,-2.558,-0.8445173079858037,,,2.07549690819934,7.46100735778161,-0.238,,3.114,4.63
CHN,2015,23.9163,2.59752794949746,11.8789197021152,822244079544.5,1.67388016445151,17.935784855181,3345193763888.14,1.43702380935655,6.22748867298455,-2.604,1.3682018428631926,,,3.18094361060282,6.98162255562367,-0.425,,4.068,4.65
CHN,2016,15.8896,1.67018709565352,12.4023168814925,801396077737.5,1.74447934478824,16.7160982737837,3029775305378.4,2.00000182191943,6.6444778294468,2.57,6.695944037139556,,,2.23013078010439,6.7736886867727,-0.298,,3.781,4.56
CHN,2017,2.3928,1.50488723669316,13.6631367045646,1030633085053.2,1.74435460635256,15.4175323187252,3158876947213.04,1.59313600071436,6.75875508633597,1.926,1.719883184540394,,,1.72040771568555,6.89123916636191,0.009,,3.065,4.47
CHN,2018,-7.5912,0.170563391928727,13.9248882428061,1218901082134.2,1.83294883223349,13.1417391678264,3091881257199.08,2.07479039965576,6.61595717735439,-2.213,-2.1127841911341316,,,0.646655214404206,6.757806142324,-0.05,,2.537,4.31
CHN,2019,-8.7449,0.619961080716059,14.5601860956403,1205312080771.4,1.86175485330958,13.6333355975394,3127493858036.36,2.89923416358227,6.90838500992901,2.703,4.420038170373353,,,0.825209544669879,6.06737806333672,-0.505,,2.595,4.56
CHN,2020,-1.6994,1.49179592498582,15.634535209813,1236232086566.0,1.83961969163289,14.4970336212148,3238782371433.71,2.41942189457782,6.90076726944925,2.656,-0.11026803614464509,,,2.2014242871262,2.33950385203023,-2.715,,2.62,5.0
CHN,2021,-14.6732,1.6339546037037,15.0703683293598,1367100081763.8,1.72739169215062,11.4763094263764,3313920330628.85,0.981015135544882,6.44897518024316,-5.383,-6.546983423223707,,,2.22723233860642,8.57038414981781,2.911,,2.424,4.55
CHN,2022,-12.1545,2.20640460953834,13.9317634143876,1265190078358.7,1.63239836873406,11.0459629699848,3189689108813.78,1.97357555739051,6.73715811237119,-1.986,4.4686624474985726,,,2.94295638791102,3.13385438394069,-1.547,,2.521,4.98
CHN,2023,-9.3106,1.40681103517507,13.50675136222,1287403080192.3,1.59268926761592,11.4423012102454,3301319727518.98,0.234836828893051,7.08399842343631,2.2,5.148169380621059,,,2.06546863583589,5.41600334492955,-0.291,,2.564,4.67
CHN,2024,-7.577,2.46818591485776,13.0007522555005,1305871555000.0,1.50455245481593,11.0155252612111,3264803869739.12,0.218128938439177,7.19749110789917,2.061,1.6020992337799855,,,2.92959659592385,4.95830378788091,0.456,,2.5,4.59
CHN,2025,-7.6881,3.76972243689338,,,,11.9430464176221,3424872582817.94,0.0595646916565403,7.18984737402171,0.457,-0.10619997667064007,,,4.18600884812329,4.95994886240992,-0.151,,,4.615
DEU,1990,-6.4386,2.61258287267844,,,,2.72304168886645,67902226415.8996,2.69646824292392,1.61573333333333,0.212,-14.058642317324853,20.8541847518408,-0.511312838409292,-0.208131131092854,5.25500610110028,,,,
DEU,1991,-5.05,,,,,,63000843281.9809,4.04703259753466,1.65954166666667,2.279,2.711359135171243,,-2.37658722928356,-0.503389649474432,5.10826150190911,-0.073,,,5.316
DEU,1992,-4.459,,,,,,90967080300.3011,5.05697796731731,1.56165,-3.757,-5.89871701524034,,-1.58173917620432,-0.504944762528584,2.01361340926105,-2.112,,,6.323
DEU,1993,2.7554,,,,,,77639894484.7905,4.47457650752808,1.65332083333333,4.239,5.870126682248267,,-1.81677990599429,0.00864943607952929,-0.973033082340891,-3.023,,,7.675
DEU,1994,2.2287,,,,,,77363207069.1661,2.69305639854954,1.62279416666667,4.351,-1.8463849273049893,,-1.08388374446415,0.115667947029956,2.59685569693275,1.384,,,8.727
DEU,1995,0.4083,,,,,,85005217182.8733,1.70616041317076,1.4331325,-9.844,-11.687352010652596,,-7.84986815303722,0.356907886080013,1.50499384201356,0.462,,,8.158
DEU,1996,3.8624,,,,,,83177914017.474,1.44972701963239,1.50477416666667,-6.587,4.998956249102582,,-2.15388683784793,0.660752063715933,1.0378755674358,-0.675,,,8.822
DEU,1997,4.9685,,,,,,77586698432.98,1.93936968221574,1.73405583333333,17.644,15.236948622965652,,-1.54825689565774,1.02247887839445,1.85432238398302,0.389,,,9.861
DEU,1998,6.9665,,,,,,74024121432.2424,0.911184687196224,1.7596676,25.342,1.4769862754325125,,-1.75917638739857,1.16485603097448,2.09561231172233,0.433,,,9.787
DEU,1999,8.7887,-1.42714302469412,,,,1.65147623505502,61038802742.0089,0.585434192138622,0.938283072395283,-29.253,-46.67839128280347,,-1.24068475477075,0.540524927307389,2.12957016297766,0.103,,,8.854
DEU,2000,15.7166,-1.76650413580914,,,,1.49405907360723,56890479485.2706,1.44026838719741,1.08270508132602,-9.089,15.392157567337472,,-1.16769813021797,0.165707202088596,2.8765231247659,0.509,,,7.917
DEU,2001,11.9989,-0.447670510485843,,,,1.44678990836892,51403889553.9414,1.98385731334471,1.11653308564462,9.914,3.1243969296948393,,-1.36440859382473,1.56153639440135,1.63614170690956,-0.578,,,7.773
DEU,2002,9.8995,1.71466761160357,,,,1.53474790667413,51170639197.4245,1.42080615551526,1.05755899623965,6.937,-5.281893583200159,,-2.0335888025331,4.04833225388601,-0.228255715793637,-1.656,,,8.482
DEU,2003,6.4635,1.25843057921389,,,,1.35954327048374,50694032408.4992,1.03422218628562,0.88404792718493,-5.264,-16.406750797985868,,-1.66578157005726,3.62114592491108,-0.529801394291297,-0.822,,,9.779
DEU,2004,-3.7068,4.26675296375958,,,,1.17945114546741,48822652440.5447,1.66573696655992,0.803921647747618,-7.505,-9.063567367038317,,-1.82343090395283,4.96393434043889,1.16208684507278,1.027,,,10.727
DEU,2005,-4.3281,4.39898942956011,,,,1.1273958866672,45139728831.8326,1.54691114751328,0.803800192161442,0.028,-0.015107888500853761,,-2.17873251609186,4.95319708820102,0.885485292551564,0.38,,,11.193
DEU,2006,-5.4821,5.52590473247801,,,,1.07560897197929,41686538618.3393,1.57742642840563,0.796432730949102,4.416,-0.9165786826361266,,-1.17382057390631,5.17970636968403,3.86668241523209,1.895,,,10.277
DEU,2007,-9.6996,6.5154572948782,,,,1.09840249102652,44326512207.1516,2.29834400700951,0.729672399984083,-2.104,-8.38241930181114,,-0.16886815460503,6.3897695714769,2.8891174138025,0.342,,,8.732
DEU,2008,-8.067,5.40768664904885,,,,1.03764539699617,43137195662.1989,2.62837981637219,0.679922680042729,-7.551,-6.8180898636756915,,-0.295564790211951,5.78458104183402,0.887902330743628,-1.66,,,7.508
DEU,2009,-5.2921,5.66039528537592,,,,1.72034649907669,59925314606.5489,0.312739007368447,0.716957702016136,-0.403,5.44694611026646,,-2.0714764010794,4.76990501088626,-5.54455451920674,-4.955,,,7.88
DEU,2010,-9.9177,5.58814592773644,,,,1.8614384405798,62294943889.9429,1.1038103778926,0.754308990105961,3.388,5.209692006207689,,-3.20048484663093,5.10545796593838,4.13463778522758,4.309,,,7.043
DEU,2011,-12.0626,6.09171549435117,,,,1.73238224101184,66928070887.4097,2.07517283735874,0.718413898653317,-3.464,-4.7586720990295595,,-0.370780258545056,4.85425441678104,3.75796884489337,2.975,,,5.967
DEU,2012,-11.4241,7.01984446991475,,,,1.99204911526836,67422250285.7564,2.00848884782956,0.778338120416812,3.592,8.341183526073802,,0.0930239204366837,6.03951730444972,0.463512036709204,-2.322,,,5.372
DEU,2013,-8.35,6.55719316810853,,,,1.54982493519138,67365115663.6072,1.50472330251876,0.752945122701996,-3.561,-3.262463580894348,,0.204327258519159,5.77453880717814,0.396995583779145,-1.142,,,5.316
DEU,2014,-12.7975,7.19411093057004,,,,1.48007833557917,62265928847.9195,0.906794000434246,0.752728196932603,-7.951,-0.02881030275015961,,0.684275600022785,6.53898347110207,2.18018602168017,1.167,,,4.979
DEU,2015,-10.2478,8.09671429040112,,,,1.53866263784816,58506810555.4249,0.514426137125456,0.901296423367096,7.41,19.737300534231927,,0.679066934885634,7.41421366167481,1.66300602334775,0.25,,,4.612
DEU,2016,-6.4599,8.90236036837271,,,,1.62420238995537,59582016353.3969,0.491747008445174,0.903421436257263,5.308,0.23577291943845946,,0.736915570494584,7.2650936871129,2.22222216259371,0.2,,,4.104
DEU,2017,-5.7,8.07873526112888,,,,1.62554687781984,59356901123.869,1.50949485109628,0.885205508269372,-0.089,-2.0163267393074835,,0.636282630936273,6.95107572207338,2.797906720551,0.57,,,3.781
DEU,2018,-3.4978,8.43761219902204,,,,1.45449826289867,59173100675.4032,1.73216879766942,0.846772667108111,-3.867,-4.341685721816102,,1.11091050456752,5.86855676857803,1.13569604599849,-0.916,,,3.384
DEU,2019,-0.0833,7.87471222403173,,,,1.68680367954395,59184533016.4155,1.44565976888253,0.893276257067409,2.764,5.491862428450434,,0.766521168807671,5.60724624570291,0.977734697038784,-0.659,,,3.163
DEU,2020,9.8697,6.34782686016016,,,,2.2194147879826,63969346748.6789,0.144877925813982,0.875506396987998,-0.751,-1.9892905401682426,,-3.65593267492002,5.30608104975194,-4.13191443239947,-3.459,,,3.881
DEU,2021,6.8083,6.92006966375342,,,,1.99690469909918,99169059613.5976,3.06666666666673,0.84549413889045,-5.821,-3.427988441980445,,-3.52007147628953,5.12014099730063,3.90999994204108,3.658,,,3.594
DEU,2022,4.1906,4.11376375249819,,,1.23497612551347,1.76085539632078,98413683336.7966,6.87257438551097,0.949623753156941,5.062,12.31582922658001,,-2.5662569966837,2.47105447198695,1.8092581243061,1.28,,,3.137
DEU,2023,-2.5406,5.50327392607703,,,1.53513253215757,1.84235967804865,100391427874.527,5.94643667725823,0.924839558470698,2.106,-2.6098962461553965,,-1.98906930280069,3.97197646060612,-0.869647578573321,-2.486,,,3.071
DEU,2024,-3.717,5.89380863529108,,,1.77161339190265,2.17619726140455,96791570856.2426,2.2564981433876,0.923889546117607,0.332,-0.10272185530881828,,-1.68030732483709,3.77738815468807,-0.495851897260366,-0.644,,,3.4
DEU,2025,-3.9645,4.50585617378113,,,1.89057945686605,3.10966865624185,101728748933.157,2.17178770949721,0.88496895841236,-2.882,-4.212688396443065,,,2.35673648910157,0.239578342117881,0.615,,,3.711
ESP,1990,1.7672,-3.35886586768217,,,,6.12066251714525,51227835967.6203,6.72181952228664,101.933916666667,-0.786,-13.890922555774832,35.1574354271674,-2.59463117704398,-4.1470183043494,3.7813935513235,,,,
ESP,1991,3.565,-3.43260470559267,,,,6.96294319561187,65822356992.6619,5.9342134433593,103.911583333333,-4.556,1.940145862473952,35.1902538119473,-2.95631304399031,-3.94280030219765,2.54600049647455,-0.618,,,15.929
ESP,1992,3.7919,-3.4160822661675,,,,4.44084152432615,45503814979.3062,5.92453126228488,102.379083333333,-10.106,-1.4748115184463728,37.0105702629969,-3.47631579733068,-3.58772986756121,0.929215482921151,-1.49,,,17.697
ESP,1993,3.887,-1.1061129789544,,,,5.07951807329894,41044658124.6966,4.56907173681805,127.260416666667,7.448,24.303141348046275,46.7322032984571,-6.49900307288709,-1.51399399379287,-1.03149183695307,-1.846,11.575,,22.156
ESP,1994,-0.4732,-1.20512004003852,,,,4.59467587523739,41545943439.9557,4.71841373967333,133.957955,8.918,5.262860604076014,48.1390226944522,-6.13556303560894,-1.00090134995113,2.38319537908909,1.623,12.949,,24.209
ESP,1995,-3.4048,-0.320247040380478,,,,3.14582802352004,34484976088.1069,4.67380337624701,124.689,-5.393,-6.919301657001265,57.9249461467052,1.86177782509413,-1.09829465583508,2.75749400293542,1.388,20.914,,22.675
ESP,1996,-2.8501,-0.347834725925521,,,,4.56426819604476,57926892717.0449,3.55884559338561,126.661583333333,-7.019,1.5820026893575312,64.2492630442525,-2.38472142117943,-0.151550477966892,2.60741117110229,0.025,17.517,,22.142
ESP,1997,0.9064,-0.140683569181923,,,,5.16346291742274,68398241257.124,1.97107395582926,146.413628333333,33.565,15.594345562552236,64.0463520024217,3.90484246711281,0.205021089810413,3.58729972356299,0.603,15.907,,20.698
ESP,1998,6.3354,-1.17199231308045,,,,3.92565631883411,55258034758.4886,1.83432999908414,149.395331666667,75.97,2.0364930281938642,64.3080230625696,5.20826770874021,-0.430557330544551,4.30197745333581,0.803,6.383,,18.673
ESP,1999,18.3651,-3.21736413464958,,,,2.2136854894345,33115036235.8127,2.31034813987063,0.938283072395283,-98.431,-99.37194619006651,59.2051839637685,6.45737363962892,-1.91737142204347,4.40886545305924,0.309,-5.044,,15.475
ESP,2000,26.9361,-4.25952269013291,,,,1.97583438262459,30988904294.835,3.43351563418764,1.08270508132602,-96.475,15.392157567337472,56.4602218744994,6.75835316390995,-2.94377896409495,5.20064125553942,0.563,-7.586,,13.785
ESP,2001,28.5797,-4.3292603031356,,,,1.84023329053743,29582302330.3691,3.58983413338117,1.11653308564462,9.914,3.1243969296948393,51.9977631328672,7.6055912051792,-2.26019247943529,3.91908880808811,-0.59,-12.31,,10.348
ESP,2002,27.0386,-3.63459196311061,,,,2.03468848563713,34535673181.2951,3.06565685902211,1.05755899623965,6.937,-5.281893583200159,50.1525230848091,1.61975287564822,-1.97360699118632,2.75545611564098,-1.203,-9.053,,11.146
ESP,2003,28.474,-3.80656644846325,,,,1.09354677995678,19788385919.0027,3.03888839396661,0.88404792718493,-5.264,-16.406750797985868,45.4755013109904,1.12921290222915,-2.20460630161596,2.9392895953076,-0.265,-10.985,,11.283
ESP,2004,31.9185,-5.42400165587704,,,,0.65255888634524,12388839233.3238,3.03924881090924,0.803921647747618,-7.505,-9.063567367038317,43.4376841299849,0.227891342338142,-3.70300177080875,3.1145314799161,0.178,-8.56,,11.09
ESP,2005,37.1965,-7.21356556640438,,,,0.507387329619946,9677639742.35772,3.36881409750383,0.803800192161442,0.028,-0.015107888500853761,40.2343199754081,2.53328764968399,-4.81800883935517,3.5512255846125,0.35,-9.918,,9.146
ESP,2006,44.3665,-8.79382150381904,,,,0.483523014461681,10822203767.0765,3.51557576832123,0.796432730949102,4.416,-0.9165786826361266,35.7479971637415,3.08713839932496,-5.71695244463549,4.04343515605099,0.474,-9.728,,8.452
ESP,2007,42.7825,-9.36792330694923,,,,0.384824097332385,11480179768.3672,2.7867974580495,0.729672399984083,-2.104,-8.38241930181114,31.7331273426985,3.5003772478263,-5.78075451421338,3.53350013165972,-0.176,-11.705,,8.232
ESP,2008,32.2537,-8.81669487692334,,,,0.386195444062733,12413672123.6605,4.0753433595734,0.679922680042729,-7.551,-6.8180898636756915,35.7047178362371,-2.0459677535346,-4.73251398737181,0.767165748290694,-2.014,-4.53,,11.254
ESP,2009,25.9315,-3.94046083652283,,,,0.734847601486861,18205141380.3609,-0.287813083535241,0.716957702016136,-0.403,5.44694611026646,48.1994103860454,-8.20072880455549,-0.86589809783875,-3.76813306940053,-3.946,12.451,,17.857
ESP,2010,13.6872,-3.57734356702049,,,,0.804003797725605,19146439372.9594,1.79986457728769,0.754308990105961,3.388,5.209692006207689,49.9611949485467,-4.62203324529195,-1.03774329361414,0.0941223116369514,1.063,18.228,,19.86
ESP,2011,-1.003,-2.5892900858806,,,,1.05009354866929,32843161356.6883,3.19610188833792,0.718413898653317,-3.464,-4.7586720990295595,57.7899857640377,-3.32603467797023,0.264997333183617,-0.639920636520344,0.798,22.085,,21.39
ESP,2012,-16.7924,0.125923054524353,,,5.71026349860103,1.30781668208357,35522619476.9985,2.44612782366809,0.778338120416812,3.592,8.341183526073802,77.446159411603,-9.54415404396292,2.0454378723585,-2.86511368637748,-1.728,29.247,,24.789
ESP,2013,-29.6723,2.07791536141213,,,7.12373619141485,1.17195937387584,35429922037.6453,1.40858109183009,0.752945122701996,-3.561,-3.262463580894348,91.8693310672975,-6.17616891499261,3.84214138908714,-1.42732224757626,0.217,41.908,,26.094
ESP,2014,-43.1656,1.73595007328569,,,6.38267849950904,1.23281778498774,39493928511.5441,-0.151114837527235,0.752728196932603,-7.951,-0.02881030275015961,104.927837414283,-4.72159846152217,3.03941771925282,1.52048593647231,2.444,47.138,,24.441
ESP,2015,-52.5276,2.03697429462383,,,5.09174595659943,1.51753270703603,44377662235.8777,-0.500365709903243,0.901296423367096,7.41,19.737300534231927,104.513601500945,-3.668251293335,3.01532868738456,4.06086672473866,2.676,27.067,,22.057
ESP,2016,-53.5925,3.15808866042231,,,4.71813279786194,1.76235386629208,52666093828.9472,-0.202598000426358,0.903421436257263,5.308,0.23577291943845946,105.968137016467,-4.04179285767079,3.96538811915221,2.91515598595787,0.083,14.099,,19.635
ESP,2017,-55.6474,2.82857699785743,,,4.46120203086986,1.72868709897248,57662984366.0331,1.95607633363954,0.885205508269372,-0.089,-2.0163267393074835,106.577780516625,-3.0440401222539,3.63334427327986,2.89604207865007,-0.395,1.65,,17.224
ESP,2018,-51.7078,1.86142647160726,,,3.68642493378734,1.5808003454262,59030411977.7056,1.67498136863799,0.846772667108111,-3.867,-4.341685721816102,107.203121919581,-2.53976817160449,2.74021757421577,2.39541124478878,-0.34,2.69,,15.255
ESP,2019,-46.3156,2.11978917805627,,,3.15282728174409,1.72806068309746,60943708284.14,0.699518994458648,0.893276257067409,2.764,5.491862428450434,111.293101240882,-2.76690781759737,2.98490081438291,1.96117850841711,-0.456,5.325,,14.104
ESP,2020,-20.7469,0.819280213926571,,,2.85122667258746,2.26605414616915,64167574160.7527,-0.322753017299649,0.875506396987998,-0.751,-1.9892905401682426,138.955245532848,-9.70781446209487,1.515921694205,-10.9400706350371,-8.746,32.377,,15.532
ESP,2021,-26.7886,0.765004613238447,,,2.91575876060378,2.03235175101755,75723903894.64,3.09313511976402,0.84549413889045,-5.821,-3.427988441980445,132.547539168518,-6.65809235969353,0.989579707869206,6.68314420473001,7.448,25.344,,14.914
ESP,2022,-35.5162,0.379418337465124,,,3.06056772833899,1.74987384242179,76497865509.7299,8.39057634118637,0.949623753156941,5.062,12.31582922658001,109.021131387118,-3.16608557683432,0.877630985061739,6.37031712129601,5.666,-2.272,,13.033
ESP,2023,-37.102,2.73246084042227,,,3.06080280402449,1.83601786815125,84417408327.7431,3.53236133492433,0.924839558470698,2.106,-2.6098962461553965,107.392919205272,-2.26104164816683,3.8356586932094,2.46085796805582,-2.711,-31.562,,12.179
ESP,2024,-31.7587,3.18327391138733,,,2.86962940744037,1.8246595612095,84153961668.875,2.747147886618,0.923889546117607,0.332,-0.10272185530881828,105.639074777338,-3.16402501364209,4.16149730607842,3.45525405630191,-0.64,-26.908,,11.4
ESP,2025,-26.7769,2.93829577885389,,,2.58441457912986,2.01778146515219,89051779496.3516,2.699932857627,0.88496895841236,-2.882,-4.212688396443065,,,3.82413677013097,2.82495400578509,-0.089,,,10.376
FRA,1990,13.5532,-0.790699531946191,,,,2.39047333010139,36777716876.9828,3.19428338029482,5.445275,-0.277,-14.652757187993526,,-1.41208580579322,-0.608884429011122,2.82962715326478,,,,
FRA,1991,13.6842,-0.517748489885409,,,,2.01834068141603,31284003890.7723,3.21340732409677,5.64211666666667,2.377,3.6149077258112783,,-1.86683816301131,-0.125162421167438,1.23666248297356,-0.796,,,9.134
FRA,1992,13.7572,0.280170781675052,,,,1.65428105069499,27028313666.1763,2.36376046269356,5.29381583333333,-4.085,-6.173229904852606,,-3.5615813480862,0.927453286038952,1.5160611169627,-0.345,,,10.203
FRA,1993,12.9674,0.683954592617435,,,,1.77533505746057,22648736208.6591,2.10446277124642,5.66323,4.323,6.978220971356741,,-5.58029324702393,1.90700245832315,-0.35899781051468,-1.157,,,11.32
FRA,1994,4.3927,0.535080974263654,,,,2.09838780408461,26257268981.3037,1.65551532926999,5.552045,4.299,-1.9632789062072442,,-5.53539884563985,1.74967543661321,2.38366086110145,1.203,,,12.593
FRA,1995,-0.4526,0.679551477433415,,,,1.81008227998558,26853225672.1885,1.79648142095589,4.9914825,-8.106,-10.0965049814978,,-4.79025251556596,1.94764815096757,2.30479278392259,0.862,,,11.834
FRA,1996,-4.3615,1.2859310187773,,,,1.77983601663556,26796028358.8331,1.98288365089739,5.1155225,-6.635,2.485033254148439,,-3.81595056896549,2.13352535021388,1.39707987198881,-0.631,,,12.367
FRA,1997,-5.3959,2.60806895660173,,,,1.75780312836567,30927488433.2499,1.20394294026964,5.83669166666667,28.102,14.097663858709852,,-3.81889402336661,3.4571966206528,2.5270616339357,0.451,,,12.566
FRA,1998,-7.7175,2.51843043289977,,,,2.19227568797316,44311701136.6276,0.651126867833073,5.89951566666667,56.297,1.076363179483808,,-2.58043124445525,3.08410140371039,3.45259434279616,0.994,,,12.074
FRA,1999,-2.5514,3.4092327167425,,,,1.94486233903106,39701489608.0092,0.537141639134596,0.938283072395283,-68.458,-84.09559147886068,,-1.74235278264385,2.74329318466571,3.39930808809441,0.273,,,11.981
FRA,2000,0.346,1.1848394944316,,,,1.74747387511078,37039189717.5087,1.67595988720928,1.08270508132602,-46.372,15.392157567337472,,-1.38495150345368,1.73005094680599,4.14099996402915,0.477,,,10.218
FRA,2001,3.4495,1.5298994522382,,,,1.61505896061532,31749101763.961,1.63478079549599,1.11653308564462,9.914,3.1243969296948393,,-1.46983384887589,1.96797416381162,1.89946701186636,-1.247,,,8.61
FRA,2002,1.4641,1.18270439802011,,,,1.62262317645235,28365346067.4324,1.92341228727064,1.05755899623965,6.937,-5.281893583200159,,-3.25940626880151,2.32887866824335,1.06775027069419,-1.302,,,8.702
FRA,2003,-1.1766,0.871063406872808,,,,1.55732088735449,30186488584.2419,2.09847219146919,0.88404792718493,-5.264,-16.406750797985868,,-4.10090458510837,1.67505304772298,0.967827182558352,-0.344,,,8.306
FRA,2004,0.0254,0.434470120439983,,,,1.42672975364213,35314031954.9504,2.14208964640239,0.803921647747618,-7.505,-9.063567367038317,,-3.38008016825818,1.32644289038957,2.86825052501032,1.234,,,8.914
FRA,2005,1.7362,-0.00650919177703098,,,,1.22407209995772,27752841215.4761,1.74586936380487,0.803800192161442,0.028,-0.015107888500853761,,-3.3039116931965,0.504276927349924,1.88856584109286,-0.02,,,8.882
FRA,2006,3.3726,0.0221896585541475,,,,1.41916447455224,42651647646.8086,1.67512449608726,0.796432730949102,4.416,-0.9165786826361266,,-2.43658142963503,-0.0135805620391743,2.71406448755236,0.224,,,8.832
FRA,2007,4.4331,-0.328279950461903,,,,1.4126915622981,45709707996.8774,1.4879980595386,0.729672399984083,-2.104,-8.38241930181114,,-2.56265067073683,-0.435492193180751,2.53048188351066,0.153,,,8.008
FRA,2008,7.9248,-0.962244945077225,,,3.24235571721792,1.13689655145287,33617482930.1334,2.81286194914785,0.679922680042729,-7.551,-6.8180898636756915,,-2.9929300994367,-0.781673484674395,0.380171435849121,-1.495,,,7.386
FRA,2009,10.4913,-0.818480147786109,,,4.58399416878333,1.86200746224824,46633492570.7271,0.0876204781574653,0.716957702016136,-0.403,5.44694611026646,,-7.0447240428213,-0.437215840439722,-2.82455153714783,-2.853,,,9.122
FRA,2010,6.5508,-0.832545468638349,,,4.3272048253125,2.20263034447716,55800028354.6885,1.53112270420919,0.754308990105961,3.388,5.209692006207689,,-7.04496539233419,-0.934579064685492,2.00032476039051,2.148,,,9.279
FRA,2011,8.6563,-1.02802797917579,,,4.89276263549823,1.94576614808198,48611455550.5893,2.11159795175,0.718413898653317,-3.464,-4.7586720990295595,,-5.23260432092581,-1.52794080949056,2.43757653729007,1.9,,,9.228
FRA,2012,8.1496,-1.22530807843013,,,4.29452327369678,2.24469971191405,54230620611.7496,1.9541953161351,0.778338120416812,3.592,8.341183526073802,,-4.94601627257407,-0.947599771621397,0.183835264973013,-1.357,,,9.841
FRA,2013,1.7697,-0.59799045690811,,,4.49543407979547,1.70354807584636,50848754565.1618,0.863715497861804,0.752945122701996,-3.561,-3.262463580894348,,-4.54786773836928,-0.636663187841603,0.781756446231,-0.353,,,9.913
FRA,2014,4.2172,-0.96273369938115,,,3.72567893768622,1.64889771434924,49547304333.4338,0.50775882293799,0.752728196932603,-7.951,-0.02881030275015961,,-4.30981907646774,-0.715641134920571,0.997832947295251,0.343,,,10.273
FRA,2015,5.1088,-0.334528437032909,,,3.52308121172511,1.82304349468037,55192504338.294,0.0375143805125182,0.901296423367096,7.41,19.737300534231927,,-3.87230571650352,-0.117697743110571,1.06675474783462,0.118,,,10.354
FRA,2016,5.0056,-0.538632351885894,,,3.49852745916487,1.92813809141289,56124910270.1827,0.183334861123765,0.903421436257263,5.308,0.23577291943845946,,-3.86604793076428,-0.346336298209102,0.860031075424033,-0.115,,,10.057
FRA,2017,2.9292,-0.47461518521567,,,2.85084082112562,1.90966013668591,54780551109.2472,1.03228275064681,0.885205508269372,-0.089,-2.0163267393074835,,-3.42402442225258,-0.772180066113055,2.08361485997399,0.747,,,9.409
FRA,2018,3.2023,-0.735670615255372,,,2.74917800998469,1.83376419046355,66103290546.7897,1.85081508315493,0.846772667108111,-3.867,-4.341685721816102,,-2.39420440876454,-0.96629699679387,1.64590872395887,0.116,,,9.018
FRA,2019,4.2101,0.587362764575748,,,2.51442386618475,2.15547480521791,69725075295.4885,1.10825492288294,0.893276257067409,2.764,5.491862428450434,,-2.28934891556096,-0.649874837945523,2.02744646419237,0.108,,,8.415
FRA,2020,23.7748,-2.00313613657686,,,2.38440087259745,2.93207471945523,76114119267.7113,0.476498852725065,0.875506396987998,-0.751,-1.9892905401682426,,-8.76625917136189,-1.72444508553381,-7.44064589948231,-6.185,,,8.009
FRA,2021,4.8419,0.244238511780543,,,2.16920501014489,2.65318657576471,101702799897.895,1.64233141038394,0.84549413889045,-5.821,-3.427988441980445,,-6.54907895902013,-1.21238276445104,6.88233783360239,6.393,,,7.871
FRA,2022,-2.5905,-1.43234855251881,,,2.07810544079029,2.27470946365429,100428870442.022,5.22236748369725,0.949623753156941,5.062,12.31582922658001,,-4.70032899808636,-2.73091094444259,2.71676264185913,1.997,,,7.303
FRA,2023,-12.9905,-1.04301703799496,,,2.06122418440948,2.05933713350207,79200640384.2542,4.8783572650844,0.924839558470698,2.106,-2.6098962461553965,,-5.0315801130109,-1.71363130525414,1.43921494437743,-2.24,,,7.335
FRA,2024,-16.1429,0.0851279883251641,,,2.08727388951242,2.38967906896664,78429160113.8249,1.99904942291463,0.923889546117607,0.332,-0.10272185530881828,,-5.23749461411331,-0.328679075608037,1.19046798275883,-0.592,,,7.4
FRA,2025,-15.109,-0.274343403515968,,,,3.45139872054209,85982507915.7263,0.943770212469976,0.88496895841236,-2.882,-4.212688396443065,,,-0.406732254812056,0.840949955479587,-0.316,,,7.542
GBR,1990,19.5357,-3.55031184555805,,,,1.26564143976707,35853462847.3062,8.06346090938833,0.563177166666667,-0.614,-7.853030642045655,30.2033709452908,-0.90941132711683,-1.59055505113916,0.779266119883417,,,,
GBR,1991,12.7189,-1.66449946529553,,,,1.49335400907614,41891984608.5626,7.46178295746934,0.567015333333333,-4.169,0.6815202912759055,29.1948960284953,-2.33469040042224,-0.124552522817555,-1.29243974751705,-1.036,,,8.55
GBR,1992,8.3844,-1.96702595518054,,,,1.33812693071793,36641027073.8515,4.59154929577461,0.569774166666667,-5.671,0.48655356762852264,30.3997500632281,-6.1029203921627,-0.458891946977699,1.29472849604493,1.034,,,9.772
GBR,1993,2.5694,-1.66961487109581,,,,1.44625371820276,36776667128.3929,2.55857796929705,0.666756553333333,7.867,17.02119757974272,35.3135500060757,-7.48586333283409,-0.0843340859701526,3.49048744653493,2.326,5.11,,10.346
GBR,1994,-3.7882,-0.879081535567202,,,,1.46821849351434,41012669124.0768,2.21901260504205,0.653426604166667,3.241,-1.9992228197871054,40.4800884599488,-6.20185830305047,0.269639396883504,4.95341092800692,1.707,11.285,,9.648
GBR,1995,-4.9327,-0.995954431591392,,,,1.27485538720077,42015608297.8559,2.69749518304432,0.63366812,-1.164,-3.0238260947249906,88.2190284248486,-7.00567654789156,0.563443873761435,3.53339096338078,-0.459,57.819,,8.694
GBR,1996,-9.6135,-0.724668922297666,,,,1.12325191665556,39896220859.8396,2.85178236397749,0.640958255,1.975,1.1504657990369038,87.1897058807433,-5.85710079476012,0.476680943379498,2.61491606949487,-1.086,51.876,,8.189
GBR,1997,-7.6107,-0.0893797602849274,,,,0.848240799085382,32316815332.0776,2.20114313510882,0.610836114166667,-1.711,-4.699547996824371,88.2229100746031,-3.82968246466758,0.533415959079391,4.8799853038024,1.204,47.743,,7.072
GBR,1998,-1.5613,-0.317493408980745,,,,0.849729315522174,32211547268.0808,1.82056163731557,0.603823594166667,-3.684,-1.1480198759313498,90.0985636275882,-2.18686802206613,-0.498103318295499,3.24631482881618,-0.334,1.88,,6.198
GBR,1999,3.7445,-2.10815347133567,,,,0.90959988381713,40223847062.8714,1.7529508005142,0.618056845,-3.074,2.3571869285724523,87.2968787467984,-1.39310441022349,-1.04736000886573,2.94445869854798,-0.746,0.107,,6.042
GBR,2000,6.5874,-1.80322397590519,,,,0.935057175777233,46637804196.7188,1.18295624210408,0.660930833333333,1.848,6.936900493891129,87.284376049437,-1.29114132584573,-1.22533511833803,4.52438074810904,0.953,-0.939,,5.558
GBR,2001,9.6558,-1.75946787442188,,,,0.876404449269559,44259386923.1977,1.53234960272418,0.694655,6.76,5.102525856840856,84.04178204707,-1.95229726511505,-1.73561677887465,2.39102229602824,-0.896,-6.057,,4.696
GBR,2002,13.4556,-1.96774674220137,,,,1.00793032280885,51500476301.1828,1.52040245947455,0.667223333333333,4.861,-3.9489626745171424,86.1686223366587,-4.45872668556208,-2.37317163410751,1.70902736258567,-1.166,-1.128,,5.037
GBR,2003,7.6376,-1.82204886055783,,,,0.924570246675464,52147821670.2591,1.37650038542013,0.6124725,-0.266,-8.205773179395159,86.4073086616893,-5.8883867114666,-2.13076890175223,3.21851612669614,0.779,-0.877,,4.807
GBR,2004,5.8741,-2.28435751976608,,,,0.837146297763697,57741092620.8023,1.39039756680422,0.54618,-6.456,-10.823751270465198,90.2045973945536,-5.59849240059285,-2.31949382997914,2.32601853325993,-0.092,6.163,,4.594
GBR,2005,7.6311,-1.97517731781616,,,0.993470630559823,0.686589142942834,54008878382.0559,2.0891364902507,0.549998333333333,-0.07,0.6990979774676997,91.8639528693767,-5.43959055021596,-2.13027053644791,2.7906547174688,0.012,5.695,,4.884
GBR,2006,7.8442,-3.10941980167091,,,,0.597484134087491,57482629544.0752,2.4556616643929,0.543486666666667,1.268,-1.1839429816452807,91.788062892401,-5.3182507036155,-1.87905932019918,2.18982132415704,-0.246,5.381,,5.472
GBR,2007,5.826,-3.71636602944723,,,,0.614730670256313,69398715812.1674,2.38656150773327,0.499771666666667,-10.085,-8.04343559486279,93.3735852072108,-5.20993034221826,-1.93339171981706,2.93091133582351,0.294,3.169,,5.399
GBR,2008,8.7959,-3.86567706212856,,,1.55697368984838,0.530752979118063,56109864468.5655,3.52140856342539,0.54396625,-5.441,8.842954949426819,104.84023075526,-7.64334668774579,-1.67767537106397,-0.0494116727402769,-1.74,12.976,,5.748
GBR,2009,2.763,-3.01852853421921,,,3.50865701820859,0.965325264591292,68605677600.2467,1.96173173560109,0.641919263495996,8.543,18.00718583110552,122.887383328898,-12.4658443444775,-1.23899820764971,-4.58740819226323,-4.019,31.099,,7.683
GBR,2010,-9.0795,-2.75934253189814,,,3.95483378788783,1.13583836210976,84005597614.4246,2.49265472467065,0.647179345560165,4.713,0.8194304740944736,130.497283454602,-6.59539718994281,-1.55844734531101,2.26054460931586,3.053,37.124,,7.973
GBR,2011,-15.5812,-1.6237867474026,,,3.9618682056152,1.11662614701046,94462174591.2877,3.8561124468282,0.624140835740495,-2.048,-3.5598339127663414,143.125971214621,-9.58534562515532,-0.794217773639252,0.851437739020326,1.343,38.286,,8.195
GBR,2012,-15.9888,-3.13257837481106,,,3.58628400773794,1.21181144741228,100558576864.591,2.5732347965453,0.633046988857327,0.428,1.426946068392665,146.371335905972,-9.85893078268789,-0.969792787162515,1.52826034721852,-0.018,23.484,,8.279
GBR,2013,-21.1571,-4.63114682704939,,,3.11174173873798,1.19820109358142,106735306279.676,2.29166666666659,0.639660577613477,1.24,1.0447231994717754,141.033172505075,-6.57284894067986,-1.30430748455065,1.71846961308464,0.352,10.536,,7.752
GBR,2014,-26.7537,-4.97786981840052,,,1.65439301070172,1.20982422016014,112457575221.296,1.45112016293279,0.607729626878255,-7.234,-4.991858471934263,149.584281299965,-6.84194583017344,-1.757004820097,3.16017351468152,1.025,6.458,,6.398
GBR,2015,-25.4085,-4.91700489264857,,,1.01449977058357,1.56885775056848,137534739505.898,0.36804684232536,0.654545478931426,-4.294,7.703401312463809,147.063146778865,-5.58574202703712,-1.36689737014631,2.14040560033371,-0.199,0.692,,5.552
GBR,2016,-17.4454,-5.46283821927875,,,1.68729249856196,1.49593733402752,123500303536.683,1.0084173681141,0.740634463697084,4.923,13.152483293628725,155.581504971929,-3.78405341301057,-1.71641921332033,2.20652020635357,-0.296,14.548,,4.909
GBR,2017,-14.9576,-3.47326460218152,,,1.35973989613412,1.58905823431859,137923734964.22,2.55775577557747,0.776976682344123,4.851,4.906903530471252,160.141177233502,-3.41895135565048,-1.24226238328608,3.02322219840339,0.567,10.557,,4.501
GBR,2018,-17.7605,-3.88728858372976,,,1.09642089877807,1.62160065704144,159871954949.435,2.29283990345938,0.749531540259847,-2.165,-3.5322993222234866,156.766820519267,-3.85207125387797,-1.2007041945441,1.55133095078786,-0.709,9.704,,4.145
GBR,2019,-16.0838,-2.66245642145608,,,1.01809935045005,1.68473544806755,158375688711.634,1.73810460086513,0.783445110011929,2.625,4.524635446338232,158.972569875821,-3.54138398312266,-1.19784585707431,1.25629899760824,-0.687,3.391,,3.657
GBR,2020,3.4389,-2.92883387550299,,,0.983324631099749,2.1161105409397,161188410120.185,0.989486703772491,0.779999576697153,1.263,-0.43979256118191756,194.682828796265,-14.8089159983433,0.73741481230468,-10.047896637362,-7.634,34.542,,4.472
GBR,2021,-6.9197,-0.752836357784013,,,0.969313241835594,1.91277921919496,176024004961.703,2.51837109614213,0.727064944688323,-6.938,-6.786494966186729,183.804848939919,-9.17408204070175,0.0404279246309822,8.5431118453255,8.626,27.038,,4.864
GBR,2022,-17.6478,-2.06737101121871,,,0.93919727879646,1.41227364359352,158329888611.581,7.92204883147902,0.811301715827773,3.871,11.5858661258329,138.215904304967,-5.6017379653763,-1.07506967398426,5.14970388522993,3.935,-20.757,,3.768
GBR,2023,-21.8043,-3.57676183842871,,,0.970314059008282,1.25355978527131,157340769137.404,6.79396706793963,0.804538906734353,3.55,-0.8335751005431935,136.142431919028,-6.97705514642296,-1.16784464879273,0.271650048355255,-4.383,-58.54,,4.025
GBR,2024,-18.699,-2.95960422411904,,,1.01582508527651,1.18272554676037,148569354566.836,3.2715729463592,0.782414580986262,-0.889,-2.749938575114319,130.735888365813,-6.86231516155942,-0.726764896709049,1.08027716858781,-1.087,-53.069,,4.361
GBR,2025,-17.8211,-2.42693271936225,,,0.947525011481276,1.38773026145435,170781996862.253,3.88306881626,0.759473957338608,-2.898,-2.932029157577376,,,-1.26341303105635,1.38844207858726,0.475,,,4.746
GRC,1990,-5.3352,-3.66416152795676,,,,2.62427529393431,3412071253.78783,20.433499109463,158.513916666667,-10.512,-2.402874501217911,,-19.9251437211894,-9.5922077718476,0.0,,,,
GRC,1991,-6.4725,-1.51783071981205,,,,3.44224332091619,5188925237.09394,19.4558456445745,182.266416666667,-4.153,14.984488743627633,,,-9.25144486292857,3.09999970633838,1.55,,,7.572
GRC,1992,-5.1092,-1.86723149235441,,,,2.9758897895568,4793596852.6132,15.8770737923919,190.62425,-4.997,4.585503729202056,,,-8.14382497204299,0.700000337119789,-0.567,,,8.927
GRC,1993,-5.4006,-0.696206808420449,,,,5.0990220884964,7790315074.47867,14.4112644439348,229.249843333333,6.489,20.262686060841162,,,-8.04553076630574,-1.60000002186294,-2.333,,,10.177
GRC,1994,-3.2632,-0.126978535177172,,,,8.34559547205247,14487893689.2247,10.8740756809132,242.6028175,6.888,5.824638295281859,,,-6.44010890749807,1.99999984724822,1.633,,,9.808
GRC,1995,-1.8069,-2.12188049067422,,,,6.9810046257139,14780016180.3879,8.93451415961517,231.662735833333,-4.844,-4.509461917797797,,-9.91072825709355,-7.38600755547284,2.09971953235275,1.266,,,10.116
GRC,1996,-0.1499,-3.19572255088179,,,,7.78003468926726,17501372162.3394,8.19455217632728,240.7115425,-6.233,3.906025988218098,,-8.39922010732962,-8.19416390199375,1.38247057325857,-0.445,,,10.402
GRC,1997,2.3172,-3.50229712684898,,,,5.76026456908859,12594818214.3474,5.5360026677348,273.057853333333,1.387,13.437789686937428,,-6.24408406085801,-6.69789038453323,3.60288326516122,1.241,,,10.472
GRC,1998,5.2712,,,,,,17458371364.3052,4.76622572397641,295.529105,-0.182,8.229483749451227,,-6.38305645948466,-9.51806379376436,3.43693579661333,0.63,,,12.227
GRC,1999,7.6913,-5.31917093747904,,,,5.96424506943985,18122305427.8738,2.6366330602198,305.646604166667,23.17,3.4235203895288002,,-6.13594463178484,-9.34420119618667,2.65878562321184,-0.574,,,12.138
GRC,2000,14.2347,-7.80647954386926,,,,3.85891245914069,13424300678.5544,3.1511816249383,365.398560833333,88.593,19.54936055304044,,-4.20090394199092,-11.0901418437419,4.13782699405849,0.727,,,11.345
GRC,2001,17.2815,-7.1208377005018,,,,1.66789173892202,5154203654.25855,3.37396832213867,1.11653308564462,-99.172,-99.6944341863038,,-5.8010540026106,-10.5381148035437,4.65041459442163,0.835,,,10.764
GRC,2002,16.5382,-6.38625728965696,,,,2.53504698999448,8082809725.46333,3.62935871878874,1.05755899623965,-98.568,-5.281893583200159,,-6.17801164285532,-9.28713234521815,4.68313727063017,0.193,,,10.346
GRC,2003,16.0065,-6.50626060536124,,,,1.22406996338363,4361447324.94914,3.53065027765552,0.88404792718493,-5.264,-16.406750797985868,,-8.10012824590367,-10.1473273864652,5.79682274294369,0.753,,,9.839
GRC,2004,16.1257,-5.74201400267069,,,,0.46196039556585,1190988609.03229,2.8988481075817,0.803921647747618,-7.505,-9.063567367038317,,-8.91505368830503,-8.60669584532347,5.37786634595851,0.092,,,10.628
GRC,2005,21.9534,-7.51860335220304,,,,0.353275593210376,506386892.672727,3.54507273335078,0.803800192161442,0.028,-0.015107888500853761,,-6.36585961405065,-8.37047286251092,1.18350635493289,-2.936,,,10.074
GRC,2006,21.3419,-10.9919390863757,,,,0.361966375722178,565883459.423754,3.19594684144545,0.796432730949102,4.416,-0.9165786826361266,,-6.01263072426302,-9.55480097597339,6.44339762487436,2.108,,,8.906
GRC,2007,22.4216,-14.1869570945958,,,,0.364544288639561,631097825.120889,2.89500321516578,0.729672399984083,-2.104,-8.38241930181114,,-6.79510292197407,-11.0293068820126,3.50686976639459,-0.204,,,8.351
GRC,2008,24.8686,-14.6094922064777,,,2.47019680774368,0.291765014595587,343784488.03477,4.15279708110293,0.679922680042729,-7.551,-6.8180898636756915,,-10.2661774047815,-11.5356996297696,0.0574740238200775,-3.278,,,7.664
GRC,2009,19.1712,-10.9982860428605,,,3.77370944783239,0.638122957216378,1554810097.5994,1.21007269197809,0.716957702016136,-0.403,5.44694611026646,,-15.4065372983558,-8.91819537959393,-4.11927606715011,-3.934,,,9.546
GRC,2010,20.8955,-10.2094499511211,,,5.62295516381546,0.792574625878538,1309471963.38906,4.71298907760388,0.754308990105961,3.388,5.209692006207689,,-11.1248021125621,-7.46485939603497,-5.6937412158003,-2.442,,,12.719
GRC,2011,14.4547,-10.0976272377955,,,9.19946087632774,0.792222436462401,1248657891.38217,3.3298532335065,0.718413898653317,-3.464,-4.7586720990295595,,-10.7389119947317,-5.67779708787698,-9.87677875300243,-3.314,,,17.973
GRC,2012,10.1659,-2.58418506053025,,,15.7182240298713,1.13518534780231,1269616354.91007,1.50152696177758,0.778338120416812,3.592,8.341183526073802,,-9.64447586219377,-4.46256767459159,-8.33113421099992,-0.364,,,24.731
GRC,2013,1.1117,-2.13029886404193,,,27.8147390613921,0.78620987502589,1419644364.05671,-0.921269454256994,0.752945122701996,-3.561,-3.262463580894348,,-14.0252952861954,-2.30033033301158,-2.27211699888024,4.555,,,27.686
GRC,2014,-5.4163,-1.43786972023485,,,29.9945374662288,0.829044857785272,1876594818.73247,-1.31226096405506,0.752728196932603,-7.951,-0.02881030275015961,,-4.07390521833749,-1.40344529704275,0.792225060962835,4.063,,,26.708
GRC,2015,-12.2048,-1.50311562368341,,,35.7068688820244,0.985856620131411,2189346781.10376,-1.73588804765284,0.901296423367096,7.41,19.737300534231927,,-6.18545961591712,-0.89892685269456,-0.228301892172851,0.341,,,24.981
GRC,2016,-16.9123,-2.30350655253684,,,37.3561319650911,1.15823824410032,2695068413.21209,-0.825653978390973,0.903421436257263,5.308,0.23577291943845946,,-0.106048681446585,-1.29882864645453,-0.0317947678412054,-0.209,,,23.514
GRC,2017,-23.6461,-2.38344142611836,,,45.966797966588,1.15456685638088,3096130632.38225,1.12125452031419,0.885205508269372,-0.089,-2.0163267393074835,,0.358555379698674,-1.3237780053527,1.47312472702352,1.069,,,21.413
GRC,2018,-24.1151,-3.55679128954824,,,43.3731858901073,0.944036562450447,2918421298.89502,0.62562141345364,0.846772667108111,-3.867,-4.341685721816102,,0.533730032794056,-1.97637075271039,2.06467207892409,0.896,,,19.179
GRC,2019,-29.8214,-2.11808020939794,,,38.0724169271523,1.0954805739583,2950025886.82209,0.253007522038157,0.893276257067409,2.764,5.491862428450434,,0.788416902869981,-1.46951784499308,2.27718065334808,0.339,,,17.045
GRC,2020,-14.6073,-7.12181074881185,,,30.8146791725641,1.77867962182531,5005971804.64847,-1.24798355581405,0.875506396987998,-0.751,-1.9892905401682426,,-9.62519183086106,-7.39288148125149,-9.19623149726978,-7.578,,,15.899
GRC,2021,-16.8635,-7.1523233874729,,,11.881332954805,1.53865073919356,7772935898.18067,1.22382501019854,0.84549413889045,-5.821,-3.427988441980445,,-7.15374762998925,-7.4918483495439,8.65449786002131,8.076,,,14.656
GRC,2022,-33.6545,-10.8779875356728,,,8.17432019475188,1.04178674996623,5404663848.41583,9.64525981280632,0.949623753156941,5.062,12.31582922658001,,-2.40279800465548,-9.65860211202177,5.52198580589408,3.862,,,12.426
GRC,2023,-32.9624,-6.77841375377557,,,5.95812847046635,1.20048027287353,6023113428.77076,3.46480128513405,0.924839558470698,2.106,-2.6098962461553965,,-1.17408166218631,-4.7934113634771,2.13591131996631,-3.302,,,11.023
GRC,2024,-25.9438,-7.10950344070576,,,3.46297888111995,1.29467737992629,5609825795.00047,2.74101875679486,0.923889546117607,0.332,-0.10272185530881828,,1.2165452536903,-5.5531713005164,2.0865743380603,-1.162,,,10.02
GRC,2025,-18.5776,,,,2.95095543348819,,7939068802.45196,2.48209745378857,0.88496895841236,-2.882,-4.212688396443065,,,-4.52808428784388,2.07306882481713,-0.025,,,8.54
IDN,1990,15.1384,-2.81513051122,69.2097820289503,11135300000.0,,3.13746645310853,7459057855.20195,7.81919756505635,1842.81333333333,-5.059,4.110267500473941,45.7414523316285,0.432521528938042,1.71965651860047,7.24213163856464,,,0.67,
IDN,1991,9.4048,-3.6528272008554,71.6253896554606,14314800000.0,,3.27992052287353,9257939411.23461,9.41906784347004,1950.3175,-1.377,5.833698113753805,40.2756295663842,0.481863722256564,1.86295725393954,6.91198283591309,-0.165,,0.647,2.617
IDN,1992,4.7309,-2.17141753355818,72.1827292070828,18057100000.0,,3.33166241980596,10448611002.7913,7.52351006242677,2029.92083333333,0.781,4.081557660910584,42.7093574260874,-0.598342725326058,3.18749290550225,6.49750651682714,-0.386,,0.579,2.734
IDN,1993,-1.18,-1.33285487006627,58.6589656180412,17987000000.0,,3.38379068304971,11262656751.5158,9.6719108926401,2087.10386666667,-0.393,2.8170080524490215,37.4975968521644,0.404820487130954,2.98624095521867,6.49640812045304,-0.139,-8.244,0.626,2.782
IDN,1994,0.5869,-1.57836291535994,62.6316042166298,19457000000.0,,3.23073711587063,12132678563.0136,8.53199829189143,2160.753675,-0.597,3.5288041725952235,36.5705901605804,1.98917010295388,1.1457546536717,7.53997109551439,0.695,-3.705,0.624,4.366
IDN,1995,0.6424,-3.1815838591366,63.4083656403461,25966300000.0,,2.90213829092754,13708247115.922,9.42030300572996,2248.607975,-4.299,4.065910011699958,30.8043248823304,3.01508798076891,-1.33426003725737,8.22000739903493,0.801,-11.905,0.528,4.611
IDN,1996,2.5832,-3.37028227381292,58.2997070519768,32230440000.0,,3.49495904632741,18251104717.3555,7.97328096513346,2342.29629166667,-40.474,4.166502907945535,23.92314220907,2.31594838593382,-0.615639692959397,7.81818707670867,-0.041,-13.574,0.566,4.861
IDN,1997,14.4476,-2.2660591852136,65.0972744894654,32865000000.0,,2.95480794337669,16586889411.8885,6.22615154887214,2909.38,-42.659,24.21058814595225,72.4853185253111,1.03368542532864,-0.27537224241424,4.69987885390397,-2.213,35.915,0.505,4.684
IDN,1998,-4.3191,4.29246398762731,168.197820298444,20112700000.0,,5.23322602998225,22713375176.5311,58.4510413515526,10013.6225,58.734,244.18407014552926,55.2040876648634,-1.74587903680185,9.75007677188731,-13.1267254923818,-12.924,24.4,1.129,5.459
IDN,1999,-39.8914,4.13060184583257,117.372155084583,20029080000.0,,6.09229450072994,26445032417.3645,20.4778324428892,7855.15,-0.469,-21.55536120919278,45.2079671076106,,8.08434530752776,0.79112608199847,3.336,21.285,1.32,6.358
IDN,2000,-36.0447,4.84306452849134,93.4911161187874,21688024000.0,,5.26483607241346,28501860111.4768,3.68862037056682,8421.775,-8.185,7.213420494834599,,,10.5177410303677,4.9200677470169,7.392,,1.314,6.077
IDN,2001,-33.3565,4.30104853135351,85.8981488426231,20031024000.0,,5.66905378340598,27246209680.3382,11.5001160550887,10260.85,15.482,21.837142407627862,,,8.27107066539839,3.64346644721492,0.525,,1.36,6.082
IDN,2002,-28.3842,3.99852690784087,67.6712950758861,17626024000.0,,6.2952679657633,30970717497.4441,11.9001200338414,9311.19166666667,2.299,-9.255162421566743,32.2241265309989,-0.294510518909138,6.29578000930272,4.49947539085764,0.145,-40.261,1.757,6.604
IDN,2003,-22.2462,3.45304287667862,59.5235915692802,19476747000.0,,6.7749044109302,34962311391.5962,6.75731256333564,8577.13333333334,-8.35,-7.8836131787642145,29.7173962466428,-2.31553339361608,7.33881581463063,4.78036912167654,0.473,-25.487,1.795,6.657
IDN,2004,-14.685,0.608561329917371,56.3318184494941,22024000000.0,,5.420563210953,34952495909.3168,6.06406189133648,8938.85,-2.182,4.2172209829234975,,-1.10484369417859,4.6720943998287,5.03087394501685,0.261,,1.587,7.303
IDN,2005,-10.7064,0.0970882462390686,52.2624366052956,11022500000.0,6.25246820199785,4.10478485517762,33140499049.2525,10.4532001873347,9704.74166666666,6.596,8.568123043419007,,,4.14659938713492,5.69257130383384,0.525,,3.007,7.945
IDN,2006,-8.7464,2.97870868013903,38.9556674021265,12208300000.0,5.15545411942602,4.91547534687069,41103145281.5939,13.108670985346,9159.31666666667,-1.814,-5.620190817375259,,,5.4123058137465,5.50095178520348,0.093,,3.367,7.551
IDN,2007,-4.4357,2.42726412696792,35.6690596510526,18655399000.0,3.6908592128651,5.67712529732221,54976431523.296,6.40656087966005,9141.0,-4.967,-0.19997852823812057,,,4.04218699204524,6.34502222667214,0.499,,2.947,8.06
IDN,2008,-0.8505,0.0246933252771075,32.0905086784049,20488290000.0,2.87020628006279,4.00096264531685,49596713221.3198,10.2266663272483,9698.9625,2.138,6.103954709550363,34.2250282105616,-0.0832745905423805,1.05516870345029,6.01370360009123,0.06,-10.983,2.421,7.208
IDN,2009,-0.4005,1.9697705622352,34.45488447984,24049500000.0,2.89219586768056,6.54684575689915,63563292968.1398,4.38641311792074,10389.9375,10.318,7.1242156055351336,29.997306381567,-1.58058661484227,2.80611796855043,4.62887118256153,-1.034,-2.227,2.643,6.106
IDN,2010,2.6457,0.681277286848337,26.9770756416871,33047270000.0,2.31233314887669,6.86991432991074,92908055584.0428,5.13420639015885,9090.43333333333,-3.981,-12.507333818578504,,,1.89678799740786,6.22385418062366,0.602,,2.811,5.614
IDN,2011,6.8126,0.188703954012605,25.2959557496368,38173360000.0,2.00668094304847,6.05969044940623,106538747662.435,5.35604849112582,8770.43333333333,-8.829,-3.520184222974332,,,2.47469299365683,6.16978420771008,0.496,,2.791,5.153
IDN,2012,11.0744,-2.66027359471414,28.3221912785509,44253420000.0,1.67598753441661,5.58937942738163,108837307833.066,4.2795142691943,9386.62916666667,-5.327,7.025831106786873,,,-0.394140722908962,6.03005065305615,-0.111,,2.459,4.468
IDN,2013,14.0161,-3.18996482895809,29.7818700830084,46110170000.0,1.60618085839081,4.95031846769598,96363531239.0833,6.41249457900391,10461.24,-2.908,11.448314557364592,,,-0.79021991656832,5.5572636889101,-0.362,,2.09,4.336
IDN,2014,13.0262,-3.08816907525921,33.981834153142,45959810000.0,1.97494771279186,5.74432339947261,108835534561.997,6.39492882396559,11865.2112962963,1.567,13.420696746239447,,,-0.748206391649349,5.006668425755,-0.525,,2.368,4.049
IDN,2015,12.0842,-2.03504192745969,36.9878652515237,38430970000.0,2.31686319973562,6.44616105766404,103268247088.719,6.36312061196646,13389.4129365079,7.278,12.8459713202695,,,0.38271827808234,4.87632230022123,-0.27,,2.687,4.514
IDN,2016,10.0223,-1.81915089251384,35.3699048723645,40685025000.0,2.7748985519129,7.22588805609531,113493392851.059,3.52580452815451,13308.3268020542,0.545,-0.605598877547564,,,0.756645905001065,5.03306918280177,0.061,,2.79,4.301
IDN,2017,7.3214,-1.59465689989364,35.9645370946451,46731000000.0,2.44404843529866,7.08716242011101,126857395382.957,3.80879857691949,13380.8338788891,-2.277,0.5448248898104024,,,0.999111799760611,5.06978590134916,0.077,,2.715,3.783
IDN,2018,6.8798,-2.93907291477017,37.5639689128338,47960000000.0,2.20579865068328,5.59560758848402,117424645942.922,3.19834755924996,14236.9387734818,2.195,6.397993595476681,,,-1.06881596070924,5.17429153955024,0.082,,2.448,4.387
IDN,2019,5.2872,-2.7056619813955,37.0829978168899,44798514000.0,2.33935750447439,6.31777434419502,125339390220.658,3.03058460941661,14147.6713605454,0.117,-0.6270126911177787,,,-0.444721941534236,5.01928768046282,-0.069,,2.798,3.59
IDN,2020,4.9089,-0.418606247736126,40.4899520829926,44487594000.0,2.64268448647726,8.40697484639797,131139029065.842,1.91983527270793,14582.2034678177,1.09,3.071403739869938,,,1.69016116954186,-2.06551182934165,-4.775,,2.948,4.255
IDN,2021,1.4432,0.295885914526078,36.1990816015577,47329042000.0,2.64057088343297,6.78517585393017,140310235087.496,1.56007882983334,14308.1439011897,-2.166,-1.8794112099233762,,,2.62835300316349,3.70288562827751,1.484,,2.965,3.827
IDN,2022,-0.8631,1.00182875104005,30.8527352858338,48016022000.0,2.14649051618116,5.21322077470096,132644357980.272,4.20946463714784,14849.8539362105,-0.779,3.7860259077752145,,,3.5411531766211,5.30719722664799,2.992,,2.763,3.462
IDN,2023,-0.8782,-0.148899596516736,29.935375315129,50454037000.0,1.95628264361571,5.72806559441344,141149364857.112,3.66938654859761,15236.8846620506,-0.709,2.606293149431904,,,2.1566498947891,5.04883117855516,0.363,,2.798,3.308
IDN,2024,-1.3422,-0.614730078804115,30.9729980083421,65123015000.0,1.9378653282816,5.72012468838059,149117682033.459,2.18151273615189,15855.4482866711,1.605,4.0596463013276685,,,1.80935966969913,5.03257477088519,-0.097,,2.29,3.301
IDN,2025,-0.5487,-0.105263812011573,,,1.91576331529028,5.51085431823322,144531057869.671,1.9133344329508,16477.8651797836,3.917,3.9255710835734314,,,2.30188954645116,5.10808904438025,0.045,,,3.237
IND,1990,-3.0008,-2.19193586906134,26.3503860119686,8544000000.0,,2.0364027734552,1520972172.8244,8.97123250273255,17.5035,-20.636,7.8764907090690395,50.7832537948314,-3.38633714083737,-1.39956104190741,5.53345456306495,,,0.178,
IND,1991,-6.9838,-1.58891131223691,31.8999260564656,7070000000.0,,2.92296631274637,3626589137.30707,13.8702461773683,22.7424333333333,-5.884,29.930775749611804,50.0100803583574,-2.24941701494413,0.000754989935874379,1.05683143296179,-2.238,,0.513,7.641
IND,1992,-4.5752,-1.55624498023457,30.9287372170104,6340000000.0,,3.37116986123404,5757134860.50573,11.7878170418134,25.9180833333333,1.218,13.963545384325649,49.6809013594637,-2.30663345242329,-0.74724519178629,5.48239602167003,1.458,,0.908,7.649
IND,1993,-7.4092,-0.671618869530872,33.157477335464,3626000000.0,,5.07094897356213,10199123471.808,6.32689048779867,30.4932916666667,6.654,17.652572045901316,51.7598082886747,-3.90437165996765,0.016895123258149,4.7507762195799,0.987,0.977,2.813,7.662
IND,1994,-7.6703,-0.512193818555588,30.2990427010044,4264000000.0,,6.88055422641741,19698471269.4689,10.2479355556119,31.3737425,0.786,2.887359104939624,49.5942827047274,-2.40392368248284,-0.301974544034664,6.65892406747307,1.028,-0.416,4.62,7.593
IND,1995,-5.353,-1.54413181166043,26.3321749588569,5049000000.0,,5.13385971679427,17921806913.0466,10.2248861637545,32.4270766666667,-2.352,3.357374934363344,47.4916413028303,-2.18068827030502,-1.17951263612542,7.57449184027195,1.246,-2.189,3.55,7.57
IND,1996,-6.2645,-1.51595497295368,24.1426536681275,6726000000.0,,5.00904589274726,20170156505.5965,8.97715233826453,35.4331733333333,0.203,9.270328921622184,45.7233077028079,-2.01868924006667,-1.15914932817409,7.54952224888829,0.289,-6.037,2.999,7.537
IND,1997,-4.9102,-0.713014326393888,22.8125471917776,5046000000.0,,5.39180134948693,24688314294.5037,7.16425211462721,36.3132858333333,-3.672,2.483865872583446,50.3654361276153,-2.79027832021128,-1.23795223028994,4.04982084902483,-2.341,0.771,4.893,7.574
IND,1998,-4.0866,-1.63832533358649,23.5364642994774,4329000000.0,,5.6743768531153,27340724583.4008,13.2308389767977,41.259365,2.634,13.620577298809211,50.3192181735145,-3.30288882808931,-1.66253172044436,6.18441582080355,0.256,2.828,6.316,7.596
IND,1999,-0.2775,-0.703547232193242,21.9170329671142,3933000000.0,,6.31148133710289,32666742041.8314,4.6698203803759,43.0554283333334,1.185,4.353104642626948,51.3529514384148,-3.28105722552638,-1.91146881869106,8.84575556114116,2.486,5.63,8.306,7.583
IND,2000,2.9383,-0.982342580017138,21.8228803066691,3462000000.0,,6.1214797944893,37902244645.7003,4.0094359104519,44.941605,-0.153,4.380810363942711,55.0042464964554,-3.81029698727217,-0.906450287751646,3.84099115686554,-2.449,4.639,10.948,7.589
IND,2001,3.3665,0.290495460210208,20.6760979408451,2742000000.0,,7.45295243694093,45870471083.9043,3.77929312235637,47.1864141666667,2.411,4.9949465905071655,59.0179097968845,-4.3480533950568,-0.876495485614968,4.82396626397303,-1.013,8.699,16.729,7.611
IND,2002,7.59,1.37093793900847,20.6731997171964,4093000000.0,,10.3730834871592,67665482492.0604,4.29715203929562,48.6103191666667,4.476,3.0176164583531007,62.5527712945573,-4.66165278845976,-0.979895086431919,3.80397532120038,-0.352,11.2,16.532,7.681
IND,2003,5.4663,1.44355773291234,19.7091758741244,6327001000.0,,12.2832820147208,98937910782.3485,3.80585899528853,46.5832841666667,0.483,-4.169968506172628,62.1900538960464,-3.43004355011113,-0.696608416561172,7.86038147545045,2.364,7.186,15.637,7.633
IND,2004,10.1442,0.110018010197154,17.5588240572864,6864000000.0,,11.3051095119993,126593287643.343,3.76725173477517,45.3164666666666,-1.45,-2.7194679865585547,62.5929767433885,-3.25615794219875,-1.78556413335122,7.92293661307978,1.394,3.575,18.443,7.598
IND,2005,15.0912,-1.25350400207393,14.8800140528443,8816000000.0,4.4017855944882,8.51847317184615,131924326287.054,4.24634362031924,44.099975,-0.968,-2.6844362681996414,62.2265261001737,-3.23146948310993,-2.79117622520215,7.92343062131789,0.021,-0.326,14.964,7.551
IND,2006,18.5948,-0.988988302952292,17.0996791242773,25097000000.0,,8.91992866511892,170737998444.448,5.79652337561634,45.3070083333333,3.169,2.7370385886461346,59.6667302762217,-2.26402820004874,-3.18859765487213,8.06073257305057,0.092,-2.523,6.803,7.553
IND,2007,17.0234,-0.663717648772609,16.8414102457773,36093000000.0,,11.1391919314526,266988346673.262,6.37288135593231,41.3485333333333,-7.151,-8.737003712266011,57.4975363892468,-0.479110412536923,-4.08686918154154,7.66081506510766,-0.221,-5.095,7.397,7.562
IND,2008,17.1391,-2.58337749259838,19.0572058938661,43821387000.0,2.44971206075607,7.71425265694142,247418901857.103,8.34926704907575,43.5051833333333,-3.017,5.215783550565267,57.2922142809949,-4.97258655315357,-5.17350591894442,3.08669805950082,-3.183,-4.934,5.646,7.629
IND,2009,10.9175,-1.95146209111802,19.2155611185983,46603000000.0,,9.77371114314451,265181731677.225,10.8823529411764,48.4052666666666,7.255,11.263217294797379,55.2564461117969,-5.51353416873553,-5.471830894171,7.8618888330338,1.659,-4.41,5.69,7.636
IND,2010,10.5216,-3.25348368945179,17.520327243228,56448000000.0,,7.76063411026838,275276605505.686,11.9893899204245,45.7258121212121,-3.834,-5.5354607669162,51.5919103003897,-3.48058118972693,-4.45333999982715,8.49758470165625,2.016,-5.906,4.877,7.631
IND,2011,5.0157,-3.42928468606061,18.5055609944676,78052000000.0,2.67019501469286,6.18879010347658,271285421552.138,8.9117933648336,46.6704666666667,-7.706,2.065910919089786,51.5565536600977,-3.20649564885787,-6.54305737438719,5.24131620024293,-1.959,-5.736,3.476,7.609
IND,2012,1.4395,-5.00488971805303,21.7351878662519,93349000000.0,3.37395391664123,5.90371509588661,270586506917.185,9.47899691419793,53.4372333333333,0.65,14.49903365011691,50.6780305618952,-3.7644761333206,-6.72486040591518,5.45638755164772,-0.942,-4.578,2.899,7.645
IND,2013,-10.7358,-2.64566711733892,23.3008757774803,92706062000.0,4.0277286350163,6.02774649537524,276493267092.374,10.0178784746104,58.5978454166667,3.206,9.657333962524373,50.3118273627008,-4.06573304249265,-2.98240934563964,6.38610640091713,0.692,-1.28,2.982,7.678
IND,2014,-9.336,-1.33950896483453,22.7049198417658,85574341000.0,4.34584976316208,6.5991330802017,303454874927.27,6.66565671867899,61.0295144607843,0.242,4.149758454132457,49.9009248748319,-3.24743717876857,-2.98625973083243,7.41022760516977,0.993,-1.656,3.546,7.656
IND,2015,-13.0272,-1.06754907167965,23.0297689509967,81562824000.0,5.88352227400691,8.00309182929653,334310993025.188,4.90697344127249,64.1519444632786,1.475,5.116262238167857,49.9647183856551,-2.77580962011863,-2.29653555305562,7.99625378567987,0.732,-0.713,4.099,7.629
IND,2016,-21.0483,-0.52788060603752,20.0812235448632,83932884000.0,9.18565591814956,8.43013905768235,341145194692.363,4.94821634062134,67.1953128073894,3.096,4.744000153967076,47.6337555915272,-2.41851614428797,-1.76601589208677,8.25630550176662,0.369,-2.678,4.064,7.611
IND,2017,-6.4764,-1.43948820320989,19.5049373712632,97608593000.0,9.97528206363178,8.16271866943629,389350147912.134,3.32817337461305,65.1215686450659,-2.884,-3.0861440711909993,47.5836093800197,-2.55426517252434,-3.15896727592607,6.79538341902422,-0.887,-2.317,3.989,7.626
IND,2018,-13.7761,-2.42697545810527,19.4905310721105,103923910000.0,9.46095691207991,6.90105548512364,374425187183.508,3.93882646691643,68.3894670935422,-0.95,5.01815069334004,46.5224986659322,-2.30328908296065,-3.76131213467656,6.45385134495295,-0.715,-3.442,3.603,7.652
IND,2019,-16.7967,-1.04961203910072,19.9766366353145,106779537000.0,9.23442899080833,8.27365940048396,432378384523.969,3.72950573539123,70.4203405359551,0.043,2.969570503649499,,,-2.57687373613013,3.87143694070524,-1.835,,4.049,6.51
IND,2020,-5.986,1.22362111042791,21.4094740100862,103533102000.0,7.93883072465331,12.9323281065786,549086868074.865,6.6234367762853,74.0995668836052,1.386,5.224664237134102,,,-0.393151469925627,-5.77772470687303,-7.294,,5.303,7.859
IND,2021,-10.814,-1.05524166809383,19.5524130311129,114643545000.0,6.54245582956179,9.84238574452328,594356484008.549,5.13140747176364,73.9180128154351,-2.648,-0.24501366985758555,,,-2.62477212294165,9.68959249191741,7.095,,5.184,6.38
IND,2022,-12.5331,-2.43238270956779,18.6518069060743,127870886000.0,4.81188454630947,7.00951210544359,521419383957.61,6.69903414079858,78.6044905829916,0.034,6.340102485246857,,-5.2600268875823,-2.61759500261296,7.6093649776932,3.769,,4.078,4.822
IND,2023,-9.1459,-0.912777939495827,18.0442974446192,127093537000.0,3.35890319602042,7.97237314389747,574508789079.883,5.64914318907925,82.5992764460784,1.736,5.082134409190098,,,-1.6133481247678,7.210224629335,-0.96,,4.52,4.172
IND,2024,-5.9354,-0.851289719084462,18.5795533694083,139568064000.0,2.50044366571028,7.52136088188696,569544279505.316,4.95303550973661,83.669281580941,0.797,1.2954170797865316,,,-1.78872749699502,7.09927893176518,-0.207,,4.081,4.173
IND,2025,1.7416,-0.416854153498652,,,2.06283569455848,7.8761457217327,576448951366.709,2.39884954182294,87.1584483507393,3.176,4.170188513478412,,,-1.74211855202993,7.56666179284244,0.275,,,4.219
ITA,1990,12.3307,-1.38838935215218,,,,4.27123889030245,62927106116.0035,6.456609061464,1198.10166666667,-2.092,-12.680745721864916,,,0.196672310420665,1.98577491758405,,,,
ITA,1991,13.0392,-1.94553731555977,,,,3.43948602564288,48679439771.7032,6.24999929790291,1240.61333333333,-5.383,3.5482520264690898,71.2588510037498,,0.193136261857005,1.53844759206665,-0.224,,,10.097
ITA,1992,14.5758,-2.21274668808672,,,,2.11330369139293,27643478790.5455,5.2705899859293,1232.40583333333,-10.138,-0.661567934140106,77.2855315218802,,0.0445655757495229,0.834275417393798,-0.619,,,9.321
ITA,1993,12.2672,0.724434293633528,,,,2.7425408738937,27544780840.5736,4.62673468331298,1573.66586666667,7.962,27.690556479298877,,,3.03197488292062,-0.852805731913904,-1.359,,,10.212
ITA,1994,6.9988,1.1980637161955,,,,2.77639354953628,32265469272.3974,4.05184218065716,1612.44498333333,6.216,2.464253529804372,,,3.27958932661995,2.15102367074849,1.44,,,11.086
ITA,1995,3.9382,2.13154267228955,,,,2.47167606458503,34905097794.3537,5.23542258044301,1628.93315833333,1.037,1.022557369115007,,-7.3266500484745,3.65200774663109,2.88683671925843,1.492,,,11.661
ITA,1996,1.5012,3.04033411855202,,,,2.77599493986737,45948171287.7751,4.0069766898104,1542.94696666667,-6.188,-5.27868140118396,,-6.38046227642708,4.52255862922424,1.34558477192847,-0.782,,,11.864
ITA,1997,0.4944,2.59252960256439,,,,2.89945290629088,55738561707.9897,2.04310779750136,1703.09690833333,28.786,10.379484527108684,,-2.58918979928254,3.7018181858029,1.92572122608527,-0.127,,,11.985
ITA,1998,0.5806,1.57984290749103,,,,1.96328392334969,29887827567.7084,1.95508557719381,1736.20738333333,74.169,1.9441333513077863,,-2.32322821647152,3.0267771460376,1.8043732818638,0.112,,,12.117
ITA,1999,5.9455,0.79555262294696,,,,1.66029825355276,22421772818.1781,1.66345995007714,0.938283072395283,-99.864,-99.94595789181625,,-1.6806933923893,1.77706299785054,1.67799157943422,-0.125,,,11.681
ITA,2000,7.5823,-0.270230356072508,,,,1.6849004371093,25566527737.795,2.53768532095002,1.08270508132602,-99.689,15.392157567337472,,-2.16269334695434,0.847660105586353,3.88209885062652,1.427,,,10.834
ITA,2001,8.4738,0.15478537448926,,,,1.65176855457487,24419364656.0919,2.78516542713554,1.11653308564462,9.914,3.1243969296948393,,-2.77795799264127,1.25888806333925,2.00643329837733,-0.516,,,9.599
ITA,2002,8.1464,-0.489738960441859,,,,1.8493382529832,28603088648.7297,2.46532319171165,1.05755899623965,6.937,-5.281893583200159,,-2.07189509165581,0.754070958478514,0.26992966378873,-1.783,,,9.211
ITA,2003,8.7707,-0.766212290849885,,,,1.76095372690988,30372244970.8155,2.6725555277285,0.88404792718493,-5.264,-16.406750797985868,,-2.87583268662113,0.454013403021039,0.0665538088732092,-0.714,,,8.869
ITA,2004,9.392,-0.4953081424742,,,,1.50381363654988,27859038318.1329,2.20673661423657,0.803921647747618,-7.505,-9.063567367038317,,-2.55366532903898,0.587289504103389,1.4740217064723,0.871,,,7.866
ITA,2005,10.801,-0.896244191801554,,,6.99617313682385,1.46362644621098,25514729492.1648,1.9852929852798,0.803800192161442,0.028,-0.015107888500853761,,-3.31364761331519,-0.0984675130252154,0.762410677306491,-0.005,,,7.73
ITA,2006,12.2601,-1.44603855867144,,,6.56811457626493,1.46176849722104,25661729244.7903,2.09084391012754,0.796432730949102,4.416,-0.9165786826361266,,-2.69452943403663,-0.817417311071053,1.79947992234244,0.454,,,6.777
ITA,2007,14.9584,-1.35566295251184,,,5.7776082194137,1.53863215341428,28384966801.1732,1.82974112202403,0.729672399984083,-2.104,-8.38241930181114,,-1.28968446665551,-0.337932478250641,1.46229205289291,0.121,,,6.076
ITA,2008,12.5322,-2.68669173430211,,,6.28258103994626,1.58528483973065,37087581338.16,3.34783258401022,0.679922680042729,-7.551,-6.8180898636756915,,-2.45911891985417,-0.728731702770571,-1.02313851177097,-1.769,,,6.723
ITA,2009,14.4716,-1.77411764067094,,,9.44634373927879,2.63330930516297,45770376940.7429,0.774768131387381,0.716957702016136,-0.403,5.44694611026646,,-4.85806891303036,-0.587157381055368,-5.30515401233991,-3.683,,,7.749
ITA,2010,9.2536,-3.24412215335914,,,10.0278370674613,2.88465099035513,47684143902.3864,1.52551602118248,0.754308990105961,3.388,5.209692006207689,,-3.70890302987488,-1.82480896905809,1.52910573247101,3.129,,,8.363
ITA,2011,3.1587,-2.74163808728921,,,11.7423491843706,2.74225090481278,49185158922.7408,2.78063272879323,0.718413898653317,-3.464,-4.7586720990295595,,-3.24485498703904,-1.3462416362579,0.695463154440176,1.722,,,8.359
ITA,2012,1.2057,-0.215238993496647,,,13.7463696406392,3.3850908144645,50498859373.1457,3.04136333226775,0.778338120416812,3.592,8.341183526073802,,-3.26621648559295,1.0858788834701,-3.12523877282996,-2.825,,,10.655
ITA,2013,-4.0993,1.03825599780866,,,16.5427056350995,2.74018638415512,50774976279.8717,1.21999342274306,0.752945122701996,-3.561,-3.262463580894348,,-2.92815338088439,2.32070018103813,-1.81802510749792,-0.402,,,12.149
ITA,2014,-8.1573,1.70979552518119,,,18.0330469839718,2.6549060080315,47688719254.5029,0.241047429826756,0.752728196932603,-7.951,-0.02881030275015961,,-2.9923514126147,2.79027553950321,-0.00138761730454462,1.647,,,12.683
ITA,2015,-12.9995,1.23326652485505,,,18.064368830052,2.81186210930515,47033692979.5149,0.0387903996579733,0.901296423367096,7.41,19.737300534231927,,-2.79069454246877,2.85253629024185,0.885667635240807,1.197,,,11.896
ITA,2016,-16.557,2.46140246001819,,,17.1162385246124,2.95161465733509,44803132686.7761,-0.09401665691575,0.903421436257263,5.308,0.23577291943845946,,-2.56449706300829,3.16535108200003,1.23622108511661,0.529,,,11.688
ITA,2017,-17.8715,2.47968309636806,,,14.3832990405839,2.96040647794608,48918641550.0727,1.22653316645812,0.885205508269372,-0.089,-2.0163267393074835,,-2.65154403027126,2.69677780306369,1.60369995294101,0.362,,,11.211
ITA,2018,-17.5536,2.57144669559437,,,8.38628316437891,2.70264013178548,51330748571.5527,1.13748763600391,0.846772667108111,-3.867,-4.341685721816102,,-2.37874466093101,2.35203103438267,0.826646712344115,-0.396,,,10.538
ITA,2019,-16.4006,3.23388196417885,,,6.74918443535525,3.26808302594308,55341387131.1085,0.611246943765304,0.893276257067409,2.764,5.491862428450434,,-1.55171637768624,3.20555757691456,0.429162533780342,-0.524,,,9.884
ITA,2020,-3.2945,3.9369545603398,,,4.35972073669911,4.64748456144849,61613808653.1704,-0.13770757391651,0.875506396987998,-0.751,-1.9892905401682426,,-9.24532334170793,3.51222646976348,-8.86822122185345,-6.331,,,9.192
ITA,2021,-10.1742,2.03966459401319,,,3.34809683915317,3.87214393939667,84001664259.2574,1.87378325762481,0.84549413889045,-5.821,-3.427988441980445,,-8.65353376599736,2.04124010573852,8.93106210800055,8.767,,,9.497
ITA,2022,-15.1586,-1.83039811478156,,,2.79682283767597,3.12711285915883,81714839462.1387,8.20128991161718,0.949623753156941,5.062,12.31582922658001,,-7.98754759962176,-1.81822222075414,4.82117669913565,3.193,,,8.069
ITA,2023,-19.2538,0.251900586596722,,,2.7140816371624,3.37671973284633,84819484653.9834,5.62219442195901,0.924839558470698,2.106,-2.6098962461553965,,-7.42365725002011,1.55589719427105,0.922796543670316,-3.969,,,7.627
ITA,2024,-17.9455,1.09768567168063,,,2.7684931969344,4.01757094227997,84874676526.3592,0.982373023061417,0.923889546117607,0.332,-0.10272185530881828,,-3.43909750234238,2.07752278895958,0.783039135276795,-1.393,,,6.5
ITA,2025,-14.4395,1.14685456424844,,,2.46119407878722,5.67049211863462,89705213554.7911,1.5316682765282,0.88496895841236,-2.882,-4.212688396443065,,,1.93081309539515,0.539583636778445,-0.209,,,6.391
JPN,1990,19.0806,,,,,,78500572150.0619,3.0785162869516,144.7925,6.95,4.949162616205727,,,0.748711540246735,4.89271306574565,,,,
JPN,1991,10.5578,,,,,,72058848245.5764,3.25143848753308,134.706666666667,4.152,-6.96571530523542,,,1.44252119807594,3.41749676183089,-0.738,,,2.059
JPN,1992,6.8068,,,,,,71622706505.1494,1.7602830605927,126.651333333333,2.211,-5.979906958329684,,,1.97687176161598,0.848069581218368,-2.205,,,2.158
JPN,1993,5.8568,,,,,,98524331239.1741,1.24304589707924,111.197785833333,-2.256,-12.201646120319865,,,2.06108599174122,-0.517919847117952,-1.767,,,2.539
JPN,1994,-2.5346,,,,,,125860194539.294,0.695458057869004,102.207805833333,-5.868,-8.084675367074745,,,1.83079468427763,0.99306636322622,0.552,,,2.89
JPN,1995,-6.6842,,,,,,183249772502.408,-0.127899045020446,94.0595791666667,-12.46,-7.972215625050549,,,1.22210174051659,2.34205546196849,1.403,,,3.15
JPN,1996,-13.0142,1.37399041718279,,,,5.41194184014078,216648011850.188,0.136600358575909,108.779056666667,-2.343,15.649099890101015,,,0.370248388996607,3.07546731409349,0.939,,,3.383
JPN,1997,-15.4113,2.08428927046609,,,,5.67928011600088,219648288039.431,1.74780458692133,120.9908625,6.386,11.226247227675268,,,0.965112094707241,1.36297109407448,-0.897,,,3.374
JPN,1998,-20.3903,2.76325572295153,,,,6.60815287311937,215470624423.59,0.661974191385911,130.905300666667,12.394,8.19436936129534,,,1.72257152533388,-1.77264091037956,-2.661,,,4.078
JPN,1999,-20.9511,2.43392694084621,,,,8.24784981843094,286916156869.904,-0.341296928327554,113.906805,-4.296,-12.985337935208142,,,1.46865675442247,-0.347600398675738,-0.095,,,4.677
JPN,2000,-26.8656,2.59184009101983,,,,8.79520531144648,354902072398.679,-0.676578683595175,107.765498333333,-10.12,-5.391518677630369,,,1.34458408508878,2.97832688768516,2.692,,,4.748
JPN,2001,-26.77,1.94241825757612,,,,10.694240054348,395155049518.924,-0.740055504162738,121.5289475,3.956,12.771665681065025,,,0.585420182648131,0.284608556379041,-0.687,,,5.02
JPN,2002,-25.5309,2.56388731159672,,,,13.0738264108092,461185643035.435,-0.923494026942321,125.388019166667,8.316,3.1754341217074877,,,1.24498770452081,0.0849888050363319,-1.031,,,5.386
JPN,2003,-26.9749,3.047625783072,,,,17.0649282535659,663289093568.572,-0.256541816316025,115.933464166667,-0.274,-7.540237945248107,,,1.58657351647021,1.38010935830795,0.797,,,5.251
JPN,2004,-26.8074,3.68297677752484,,,,17.9567856611529,833891294560.437,-0.00857338820310272,108.192569166667,-6.088,-6.677015179044088,,,1.88919861265864,2.11294823723127,0.92,,,4.734
JPN,2005,-20.4662,3.48923328988267,,,,15.8351701910594,834274854302.09,-0.282946068764391,110.218211666667,-3.045,1.8722565843496852,,,1.38779408141497,1.8482813374834,0.068,,,4.446
JPN,2006,-15.8285,3.7579723483952,,,,15.0181261034339,879681506789.366,0.249355116079085,116.299311666667,4.619,5.517327770106695,,,1.28352504597033,1.54630843078741,-0.29,,,4.192
JPN,2007,-12.5732,4.57839452711194,,,,15.0050233221166,952784455942.681,0.060039454498669,117.753529166667,8.789,1.2504093783186176,,,1.74245383201569,1.72837912865577,0.021,,,3.888
JPN,2008,-3.3611,2.75407955979761,,,,13.3310524110076,1009364782806.59,1.3800788616492,103.359493968254,-0.379,-12.223867344170925,,,0.336361083060188,-1.16662209355141,-1.869,,,4.002
JPN,2009,5.2167,2.72970030740046,,,,18.3847316266499,1024899798741.46,-1.35283672951719,93.5700890870456,-2.99,-9.47121982254976,,,0.443906691282091,-5.9359411383964,-4.145,,,5.068
JPN,2010,-1.3964,3.80082624691884,,,2.45650253168859,15.8070134520484,1069985031214.96,-0.728243207517779,87.779875,-1.217,-6.188103638181985,,,1.32546071702726,4.13645589222239,5.125,,,5.102
JPN,2011,1.3823,2.06383124200042,,,2.44741326110445,15.2333155611711,1258172340310.09,-0.27245561610124,79.8070198321892,-9.009,-9.082782548745715,,,-0.642332911629838,-0.20035785332982,0.466,,,4.55
JPN,2012,1.4958,0.949145258884222,,,2.42889160930217,14.2347343263613,1227147063679.2,-0.0440645104432602,79.7904554170065,-11.524,-0.02075558668589439,,,-1.62646863104798,1.64893452981225,-0.213,,,4.358
JPN,2013,1.9033,0.879664701194644,,,2.12909018123307,14.971877035387,1237217761751.35,0.335037912184741,97.5956582776385,0.784,22.314953295575513,,,-2.38395128356965,1.99727653399265,0.849,,,4.038
JPN,2014,1.2346,0.72910539728354,,,1.74645633118206,14.2124232003685,1231009767133.57,2.75922671353253,105.944781034025,3.226,8.554809613184888,,,-2.54859947339685,0.905915486065865,-0.611,,,3.589
JPN,2015,-0.622,3.00967361767901,,,1.5335999587436,16.8028215906603,1207019203627.57,0.795279630579839,121.044025684011,10.939,14.25199476804504,,,-0.543410631397387,1.79997735783475,0.232,,,3.385
JPN,2016,3.3476,3.85588282294837,,,1.39676981537012,16.968973864069,1188326843648.84,-0.127258844489754,108.792900046834,-2.58,-10.12121463074842,,,0.788512917769393,0.704986495111257,-0.432,,,3.132
JPN,2017,4.9211,4.03254042163651,,,1.19184799909608,16.273309373505,1232243916612.67,0.484199796126385,112.166141081871,-0.108,3.1006076992017517,,,0.742816999605393,1.62345062245441,0.247,,,2.822
JPN,2018,8.6578,3.43924007536728,,,1.07338670657475,14.689130719455,1238935321253.38,0.989094598021848,110.42317934106,0.905,-1.5539107648704698,,,0.0187119994869574,0.834143845965585,-0.22,,,2.467
JPN,2019,12.8736,3.36672218972423,,,1.11143560418892,15.4233523008405,1284973739113.36,0.46877615938395,109.009665900863,-0.562,-1.280087612611791,,,-0.28270244369909,-0.308496921143259,-1.025,,,2.351
JPN,2020,27.2606,2.8911777788158,,,1.13897924015799,18.5186166099083,1344283264565.79,-0.024995834027731,106.774582262437,-5.919,-2.0503536268597133,,,-0.261842091964545,-4.28327942675573,-3.031,,,2.809
JPN,2021,21.4501,3.76057343034324,,,1.22751856952344,16.0722158274857,1356244308425.7,-0.233352779398264,109.754323839417,-8.16,2.7906843687350857,,,-0.501421974138063,3.56419531474475,3.907,,,2.808
JPN,2022,18.1212,2.0281112293848,,,1.23401036286557,12.3368757899621,1178279371462.45,2.49770278172255,131.498140443764,2.751,19.811353069024108,,,-3.56489632597402,1.33164750653741,1.127,,,2.614
JPN,2023,10.8824,3.61127531871255,,,,13.5201465788884,1238541063446.21,3.26813365933163,140.49110006234,2.884,6.838849270588665,,,-1.47646311155409,0.720785304749811,-1.151,,,2.6
JPN,2024,7.8542,4.62202410018024,,,,12.9546613262798,1159702379068.9,2.73853681635241,151.366291302752,5.663,7.740839978892855,,,-0.893120118065169,-0.240084236041696,-0.844,,,2.5
JPN,2025,6.7837,4.86496093471918,,,,14.0093945645036,1252602947078.3,3.17253034260248,149.657926890952,1.689,-1.128629364633782,,,,1.19311288444599,0.635,,,2.451
KOR,1990,2.6931,-0.960131298063108,,,,2.32180625211208,14792998068.0315,8.57327225728677,707.765833333333,-4.432,5.4076527743820435,7.22113697955519,1.49241023527351,-0.853213592204829,10.0248996213899,,,,
KOR,1991,4.1757,-2.35688840135155,,,,1.83932275079553,13701099343.4322,9.33279048161495,733.329166666667,-3.009,3.611834893603083,9.93619504178387,0.479667345295279,-2.31476499300502,10.8749739277708,0.425,,,2.407
KOR,1992,3.8389,-0.79068728488668,,,,2.25508362112236,17120615552.6833,6.21328146355184,780.670833333333,1.966,6.455718498400476,9.68344217619626,1.05747363996461,-0.684268185648941,6.35159199606441,-2.732,,,2.513
KOR,1993,3.5996,0.416090198515083,,,,2.53421136398603,20228158987.2473,4.80099660215354,802.538333333333,3.113,2.801116561077266,8.90471239173119,1.76264049688037,0.295933213735821,6.99471791742556,-1.079,1.684,,2.878
KOR,1994,3.1355,-1.00035102707401,,,,2.61642803792074,25639257349.6758,6.26585950039679,803.771666666667,1.417,0.15367905582919228,7.91331663708199,1.87586072188689,-0.727850583615544,9.3718357757101,1.799,-2.023,,2.476
KOR,1995,0.113,-1.74482962406712,,,,2.49162519314958,32677736705.7711,4.48074108557248,771.254166666667,-6.671,-4.045614115119767,6.97432545068181,2.15994662386433,-1.21502802711532,9.7358937505409,1.035,-2.709,,2.063
KOR,1996,4.512,-3.87535195507046,,,,2.30980927061515,34037122878.1534,4.92454354292754,804.4575,-15.008,4.305109102598004,6.63432383740304,2.29868577879206,-3.31150973554085,7.99042982526839,-1.042,-2.27,,2.048
KOR,1997,12.7814,-1.83493782106041,,,,1.39905230868822,20367914256.185,4.4389318457463,949.89,-7.205,18.07833229225908,8.39336880153862,2.3148891529379,-0.949166996727933,6.2821926537929,-1.721,0.48,,2.608
KOR,1998,5.3466,10.0964211010999,,,,5.14613795652844,51974523195.0888,7.51358008079307,1403.18333333333,28.09,47.720613263991616,,1.09069933218616,10.1447968693229,-4.9389297463141,-8.05,,,6.963
KOR,1999,-12.6898,4.22430160551507,,,,6.02012281185595,73987290347.1221,0.81295725444637,1189.43916666667,-0.276,-15.23280398142276,,1.14534931042869,5.12966478667257,11.6172629559591,7.297,,,6.342
KOR,2000,-19.2163,1.7039361599544,,,,5.81220374170108,96130459623.4075,2.25916580080157,1130.3625,-9.793,-4.966766550342272,,3.9051817242501,1.66978772372385,9.2018583880479,3.908,,,4.063
KOR,2001,-17.4797,0.381489475071825,,,,6.81867907289459,102753282491.492,4.06657587897792,1290.79,6.609,14.192570967278195,,2.41990050538873,1.29800739187832,4.72593560322356,-3.789,,,3.699
KOR,2002,-11.4438,0.625539996245813,,,,7.55038951610631,121345249455.919,2.76226210296599,1251.6025,4.115,-3.035931483819987,,3.22879855941538,1.06928534204662,7.74399895319569,0.52,,,3.046
KOR,2003,-14.3881,1.55223664563709,,,,8.33289295687719,155284241117.687,3.51487451459939,1191.64583333333,0.908,-4.790392050724568,,1.5085415383708,1.4652050095921,3.07472661826947,-2.107,,,3.348
KOR,2004,-20.9925,3.55783305096389,,,,8.54332338799098,198996564800.159,3.59066298882578,1146.24916666667,2.91,-3.809577090508043,,0.0862734841661016,3.29279711964965,5.1836368597334,-0.15,,,3.42
KOR,2005,-16.7221,1.25636444462509,,,,7.61490774363077,210317176838.75,2.75379162735039,1024.32833333333,-2.388,-10.636503552529486,,0.791870378641757,2.08487849630543,4.35823667337156,0.153,,,3.482
KOR,2006,-5.4521,0.191275272898578,,,,7.27710997239579,238882310981.532,2.24234028518921,955.340833333333,-7.346,-6.734901081521438,,0.992996597757289,0.516485614105957,5.24500550580342,0.316,,,3.254
KOR,2007,-0.7106,0.857760495298849,,,,6.85652160718251,262150152963.914,2.53457382137932,929.375833333333,-12.098,-2.7178781743688263,,1.99288681690124,0.75902040763082,5.8419633918717,0.694,,,3.013
KOR,2008,10.0163,0.160592800145373,,,,4.46436257694186,201144481976.073,4.67389655533408,1100.12583333333,1.515,18.372545731857358,,1.39811669905448,-0.38905282072439,3.00440451679569,-1.693,,,2.959
KOR,2009,10.7041,3.36575830090763,,,0.584500588542435,7.80292095600634,269932931249.851,2.7564965449393,1277.24583333333,14.624,16.09997644208887,,0.016207369441144,3.89662914724742,0.81986175641795,-2.402,,,3.363
KOR,2010,2.6393,2.34320897623578,,,0.588001422921592,6.5467233974824,291491117611.862,2.93928652655686,1156.46,0.233,-9.45674123031629,,1.40634655497853,2.51585366507856,6.98166138853071,3.38,,,3.324
KOR,2011,3.7558,1.27290610804572,,,0.484155586674748,5.39203401880799,304254938469.971,4.0259650043609,1108.23333333333,-3.861,-4.1701975569124805,,1.55553545151527,0.882025073458368,3.6880320602952,-0.142,,,2.992
KOR,2012,2.8751,3.65378622367594,,,0.5942917985967,5.76906053221769,323207083967.485,2.18707104433314,1126.80666666667,1.71,1.67594068637833,31.0184112293818,1.13941616992012,2.52979033798748,2.54766550568242,-1.858,24.044,,2.812
KOR,2013,0.5911,5.38513504027402,,,0.570682157690436,6.19845985710316,341649679569.216,1.30134754547413,1094.9825,-0.706,-2.8242792315750553,33.3707589515616,1.22923995355132,4.30019462255103,3.2913959543442,0.116,26.736,,3.067
KOR,2014,1.1718,5.33522703805369,,,0.487829016283245,6.54230372996404,358784966287.362,1.27477446401322,1052.84,-5.428,-3.8486916457569076,34.8171173128439,0.952240545791331,4.64098293740656,3.21468019683108,0.197,26.424,,3.082
KOR,2015,-0.2169,6.82937629347486,,,0.45685901023489,7.9205453756485,363149330364.607,0.70633177245575,1130.9525,1.512,7.419218494738056,35.7105611200011,0.72835386706601,6.54808545154575,2.92029267301234,-0.222,4.692,,3.546
KOR,2016,-1.858,6.20103649558332,,,0.4692207914451,8.38848501351327,366307950374.068,0.971685739912168,1160.7675,4.091,2.636273406708045,36.1498684786294,1.78299143304811,6.32625298509034,3.17152748983935,0.069,2.779,,3.65
KOR,2017,-3.3857,4.39896168114518,,,0.352361433161397,7.55831770286656,384453153318.384,1.94433230786366,1131.00083333333,-0.584,-2.5643952528538128,35.4459831845843,1.794788533623,4.50563915770476,3.433191763972,0.258,0.629,,3.653
KOR,2018,-0.5693,4.24648147146115,,,0.254435738088804,7.12215104071275,398780329741.702,1.47583935002645,1100.16333333333,-4.126,-2.726567398638835,35.5200546750178,2.28487854818778,4.197183372285,3.17611568177327,-0.084,-0.191,,3.824
KOR,2019,4.5738,3.40802631398853,,,0.251149391152259,7.71289239419086,403704746313.856,0.383000303608136,1165.3575,1.854,5.925862523443826,37.6954834097738,0.0352267388925863,2.63559003374654,2.31380210595475,-0.661,1.546,,3.746
KOR,2020,15.09,4.38648608581777,,,0.249044148161992,9.35214589379262,437112592614.303,0.537288023411737,1180.26583333333,0.343,1.2792926920133896,43.775799174588,-1.92144767575192,3.68544253695652,-0.700242317542106,-2.297,8.33,,3.931
KOR,2021,13.9293,4.31851487245382,,,0.233334670386676,7.50434101810614,457169379936.912,2.49833333333339,1143.95166666667,-6.028,-3.0767786070787784,45.8328934501884,-0.723170898998876,3.37133377280451,4.61296795454287,2.537,10.313,,3.639
KOR,2022,11.5296,1.29147917850335,,,0.24216660171932,5.90124848137764,417280090434.55,5.08951365062842,1291.44666666667,2.745,12.89346432177345,47.6110651856141,-1.74784573111172,0.00457444041102832,2.72756456708991,0.514,9.916,,2.857
KOR,2023,3.5047,1.76334472698699,,,0.263676055649087,6.31772211606366,414004455885.985,3.5974562502901,1305.6625,0.022,1.1007681308297546,48.5543799702909,-1.01976823616344,0.38495240187664,1.58301467403629,-1.392,4.779,,2.675
KOR,2024,-4.9354,5.33081628105267,,,,6.19834331246318,409457248116.746,2.32174328643542,1363.375,1.311,4.420169837151655,47.8141426119509,-1.78522109808118,4.07398159944313,2.00361101838986,-0.101,1.981,,2.784
KOR,2025,-8.0122,6.57207036660681,,,,6.46273036949367,421905414919.736,2.12309421458659,1422.44083333333,4.298,4.332324806698806,,,5.16447639894319,1.00701840291242,-0.524,,,2.683
MEX,1990,3.0199,-2.85201728941809,41.4065546579064,16082000000.0,,2.30528819968242,9862895477.37264,26.6516725646771,2.81259916666667,-5.469,14.264903088158398,46.6268573934833,-2.55932951021364,-1.11075431498621,5.25004329944582,,,0.613,
MEX,1991,8.3896,-4.75442816258017,37.5066955910725,21857000000.0,,3.55524780127227,17725518316.6688,22.662359455061,3.01843,0.267,7.318171596319889,38.2182364854974,-0.000317396457863973,-2.91975509021086,3.97590497138043,-0.637,,0.811,3.145
MEX,1992,11.2843,-6.73040694268406,31.8061738071114,24535000000.0,,3.18858335706006,18941965806.3718,15.5078962533573,3.09489833333333,0.375,2.5333810402537127,28.1470540238128,0.97932583218254,-5.04000701816192,3.56861354412243,-0.696,,0.772,3.235
MEX,1993,12.3574,-4.41375552546445,25.4259968879293,36257400000.0,,4.06437524271201,25109605164.3518,9.75146045357553,3.11561666666667,-18.111,0.6694350218291456,19.2441733425118,0.17805057334682,-2.97115419431017,2.86699945461075,-0.604,-27.383,0.693,3.365
MEX,1994,12.3384,-5.35786349392844,25.8625661019977,39322600000.0,,0.883109318233717,6278238053.264,6.96581237191123,3.37511666666667,-28.507,8.329009238406515,26.8438813996716,-0.00160554331168226,-3.64928070910383,4.39412788764169,0.784,-11.374,0.16,4.436
MEX,1995,7.934,-0.414680790187327,45.4530367262507,37300400000.0,,2.82554644014576,16846808910.2877,34.9992712889592,6.419425,12.906,90.19861041840511,30.7434988919319,-0.46472035226814,2.06602211605181,-5.91029962358286,-6.361,2.596,0.452,7.095
MEX,1996,-1.9007,-0.580284830782933,37.6815596061517,29838600000.0,,2.71075061116895,19432723330.5341,34.3783832235168,7.59944841666667,10.302,18.382073420386867,23.9323468344639,-0.101822022545758,1.6784403703765,6.21829715869302,4.651,4.688,0.651,5.465
MEX,1997,-7.3843,-1.46431251799993,29.1474328822531,27860400000.0,,3.40567406946924,28797466855.6517,20.6256287259247,7.91846,-2.563,4.1978254978833895,19.7405052707619,-1.15908310862782,0.0192687222807484,7.19887615284711,4.697,-7.103,1.034,4.235
MEX,1998,-9.1149,-2.8688383681894,31.4567835757741,26321200000.0,,2.4492236787245,31799031085.6572,15.9283950119353,9.13604175,4.603,15.376496818825892,21.0082173789952,-1.23226285671273,-1.58838534968979,6.18507893082885,-0.349,-9.735,1.208,3.733
MEX,1999,-11.7008,-2.21778204046026,30.0607831007405,24062300000.0,,2.20924037805729,31782190512.9215,16.5856169707538,9.5603975,5.261,4.644853445421271,19.4785244628191,-1.28729184542392,-1.17853107803576,2.75503039300564,-2.625,-4.454,1.321,2.598
MEX,2000,-11.0583,-2.52707170138346,24.5014645736466,18932000000.0,,2.01762486355417,35508841926.0105,9.49156149435403,9.45555833333333,0.27,-1.0965984067782708,18.1918633340197,-0.91702482458329,-1.44806225098916,5.02928399378261,0.373,-1.549,1.876,2.646
MEX,2001,-9.9235,-2.23003398954777,25.9016210744203,14556400000.0,,2.63689971681986,44740742121.561,6.36773806235037,9.34234166666667,-4.286,-1.1973556999541946,,,-1.6576886022459,-0.450845253215945,-2.895,,3.074,2.627
MEX,2002,-6.9597,-1.52936520808688,24.1586324842924,23911000000.0,,2.98006982310122,50594446759.7124,5.03072733151295,9.65595833333333,-4.451,3.356938526297326,,,-1.5063054123769,-0.236588001922641,-1.684,,2.116,3.003
MEX,2003,-4.9666,-0.526761129534337,26.3218083485224,22884000000.0,,3.44046588174088,58955641644.4202,4.54690012118718,10.7890191666667,3.798,11.73431775717102,,,-1.3892298623911,1.18554486709559,1.02,,2.576,3.455
MEX,2004,-4.2872,-0.464775659455355,25.8629949355891,20312000000.0,,3.28782723404344,64140696567.4203,4.68840884843143,11.2859666666667,5.421,4.6060489125401505,,,-1.83390801755218,3.56544102622887,2.061,,3.158,3.937
MEX,2005,-2.7996,-0.62353440164571,24.1351947655204,22201000000.0,1.81638248738847,3.31288171093641,74054137348.6702,3.98805714597437,10.8978916666667,-0.567,-3.4385623443863866,,,-1.58849699492463,2.11324711473297,-0.175,,3.336,3.558
MEX,2006,-0.3789,-0.316555541136009,22.0731084517312,26258000000.0,1.9944212361405,2.96677953801298,76270546023.3582,3.62946762439132,10.8992416666667,-1.169,0.01238771719607179,,,-1.37261974746509,4.80501351664901,1.31,,2.905,3.566
MEX,2007,2.5606,-0.844640815368309,23.1063024261954,27362000000.0,2.5413127799359,3.06932316704467,87109236213.9551,3.96684905458235,10.9281916666667,-4.754,0.26561480959301775,,,-1.69640173873917,2.0778639395329,-0.921,,3.184,3.628
MEX,2008,4.1396,-1.40680860932702,21.6625866162173,24178259000.0,3.20802543521284,3.10571376172191,95126103498.6517,5.12498274575896,11.1297166666667,-5.851,1.8440836887469114,,,-2.32515941667732,0.943331872912935,-1.665,,3.934,3.874
MEX,2009,3.8845,-0.750921220817888,26.9674757913441,25554840000.0,3.06903578149086,4.18740932590072,99589209742.5811,5.29735584228856,13.513475,11.441,21.417960624933173,,-4.30408718072112,-1.56520268489561,-6.29525056697287,-5.204,,3.897,5.356
MEX,2010,3.1788,-0.339592498675246,28.5700387934223,43060959000.0,2.32838597424659,4.05364499570365,120264990360.51,4.15672722680174,12.6360083333333,0.49,-6.49327183915831,,-3.8057026250931,-1.23846429847528,4.9713345832195,5.098,,2.793,5.303
MEX,2011,4.6391,-0.857892612318961,29.0507246273433,52433505000.0,2.44685147061431,4.27630853093349,143990797078.067,3.40737824605742,12.423325,-3.716,-1.683152841647395,,-3.41832172594093,-1.27645482147645,3.44404505297089,2.737,,2.746,5.175
MEX,2012,3.9743,-1.40984864759126,35.2377254920235,75925485000.0,2.52922017747362,4.48471717639987,160413365459.751,4.11150981070289,13.1694583333333,2.417,6.005906899588465,,-3.6564264259078,-1.1790311072567,3.55321076010608,-0.436,,2.113,4.892
MEX,2013,6.0482,-2.39396960169622,39.111064663244,92511449000.0,3.36157018477857,4.5658776197185,175432415284.167,3.80639069747204,12.7719916666667,-5.4,-3.01809426482309,,-3.20354224005969,-1.18007360474353,0.852101550164704,-1.764,,1.896,4.921
MEX,2014,6.1677,-1.82131927652883,40.8517099366641,81482128000.0,3.13402337702184,4.80529226012456,190923190993.428,4.01861608078679,13.29245,-9.877,4.0749974390574595,,-4.01250102431723,-1.17242463508096,2.50376350783593,0.201,,2.343,4.819
MEX,2015,7.5238,-2.59917628224106,45.4803129174973,64753019000.0,2.6044102180781,4.46007738307296,173457747218.176,2.72064064964023,15.8482666666667,-0.329,19.22758157199538,,-3.11885188208519,-2.08742930172503,2.70232343024026,0.683,,2.679,4.311
MEX,2016,8.3723,-2.27311198277187,50.2965927131738,46990175000.0,2.14676314546594,4.54794007085504,173535819121.603,2.8217078474766,18.6640583333333,8.543,17.767190102807852,,-1.62118179871436,-2.05894890589345,1.7724932254128,-0.554,,3.693,3.853
MEX,2017,6.3238,-1.79746290782777,49.85860000761,43890815000.0,2.14605834181442,4.12120736692421,170458364362.543,6.04145724018986,18.9265166666667,2.921,1.4062232803069286,,-0.845266946189085,-1.92394880103589,1.87172854648381,-0.244,,3.884,3.419
MEX,2018,3.8128,-2.06414074440499,49.1902287834628,56135509000.0,2.1077378613675,3.74611361421752,171444902467.495,4.89935015356551,19.2443416666667,-1.396,1.6792577609368031,,-2.11318831499306,-2.1248007728556,1.97208211101069,0.1,,3.054,3.275
MEX,2019,1.7311,-0.296844402020911,48.7169187460769,55457159000.0,2.20172618969779,3.91541539352767,177176653572.28,3.63596142127046,19.2636333333333,-2.898,0.10024591644002268,41.3273940594335,-1.61318460263968,-0.402670673078944,-0.392690513290532,-1.543,20.319,3.195,3.477
MEX,2020,2.522,2.39710320563074,56.8349663684666,46377846000.0,2.56401799892127,5.07902828726659,191769269928.007,3.39683415570006,21.4856083333333,7.007,11.534558208991408,45.8373464207273,-3.63899768737409,1.6161884754227,-8.35403459379062,-6.096,26.359,4.135,4.44
MEX,2021,-1.0803,-0.340708629738092,46.8965782589805,47041256000.0,2.04852607538267,4.12398114778684,200775455680.767,5.68920847683753,20.2724083333333,2.481,-5.646570398092066,44.860955801458,-3.32386358550282,-1.93091123353361,6.04848347173572,6.948,26.669,4.268,4.019
MEX,2022,-3.0726,-1.27426718190487,40.8971913213688,54766907000.0,2.08482456008447,3.32190681281323,194124913250.538,7.8962761916855,20.12735,2.744,-0.7155456369472568,43.9694401581611,-4.30934820819772,-2.93390516007755,3.70975708309098,3.242,2.642,3.545,3.256
MEX,2023,-4.5261,-0.699077082003633,34.0722892134803,60215727000.0,2.07732748969618,3.44254741981939,206351156443.452,5.52796087314389,17.7587166666667,-7.218,-11.76823244656301,45.1534859576172,-4.19484850546661,-1.4432070905527,3.1067964131456,-1.182,-0.684,3.427,2.765
MEX,2024,-2.1469,-0.912091864173097,32.8920519832698,61174418000.0,2.01603884670162,3.54735732153754,221944176977.812,4.72225588452932,18.3048583333333,-2.929,3.075344220631182,50.270950655733,-5.94862268161135,-0.858669079704223,1.35057631384696,-1.372,5.41,3.628,2.678
MEX,2025,-2.9538,-0.447421048798837,,,2.17060951477006,3.74625370139359,239309635196.22,3.80668650726485,19.2375083333333,4.361,5.09509542776212,,,-0.633272996185723,0.561683456144578,-1.111,,,2.673
NLD,1990,5.1786,2.53727950744813,,,,2.44725465239953,17483662887.1406,2.45408985919675,1.82094166666667,0.252,-14.13639516127433,54.7226413816017,-4.03611133431203,5.60962914726055,4.18322289611109,,,,
NLD,1991,2.0909,2.27649103804339,,,,2.31285964777323,17797510477.907,3.15819751859096,1.86966666666667,2.358,2.675813338336841,55.2083107865966,-2.04662462448113,5.93065920958864,2.4391343395225,-0.872,,,7.285
NLD,1992,3.436,1.88350974641952,,,,2.37447304610621,21937303876.1395,3.18358569499581,1.75846633333333,-3.66,-5.947602068105173,56.0063065334887,-2.97701185255215,5.55008830504001,1.70607100505794,-1.07,,,5.555
NLD,1993,0.7461,3.72901695535227,,,,3.16311452516562,31343727621.6455,2.58418115634715,1.85730516666667,4.213,5.62074072501475,56.4483118602544,-2.74478604853737,7.05747249325388,1.25755214528137,-0.543,1.726,,6.287
NLD,1994,0.7874,4.55484743526397,,,,3.10736217450825,34532363729.2099,2.80152693672192,1.81999508333333,4.27,-2.0088289206830146,54.214654102661,-3.75950010299527,7.32637461165931,2.96109252246121,0.986,-0.994,,7.159
NLD,1995,-5.8797,5.68975460228793,,,,2.37125036919775,33713766516.0362,1.92322457166359,1.60567525,-9.997,-11.775846830355285,,-8.75278760847433,7.46715470015029,3.11603593857495,0.671,,,7.157
NLD,1996,-2.1225,4.7637693691811,,,,1.95050116020071,26766996986.3337,2.11378787066774,1.68589675,-6.821,4.996122347903165,,-2.09962351578338,6.93165363452071,3.42063535269868,0.255,,,6.421
NLD,1997,-2.8311,6.00630455392247,,,,1.64537108526876,24865299069.0169,2.10924562739483,1.95126991666667,19.492,15.74077218350829,,-2.37326191635557,7.23664989449765,4.24847396941847,0.653,,,5.511
NLD,1998,3.4266,2.97096972527192,,,,1.46526639769799,21417781345.0856,1.95913632274257,1.983733,29.793,1.663690043906696,,-1.32813627833117,6.94637561132512,4.64770326997895,0.542,,,4.394
NLD,1999,9.3774,3.50211167072709,,,,0.867576087498777,9885739246.57153,2.1571791805505,0.938283072395283,-33.667,-52.70114111146596,,0.273240301516388,6.2640577136832,5.04334216651563,0.397,,,3.622
NLD,2000,8.2121,1.73766088925111,,,,0.760340534819699,9642506096.92983,2.36052233801958,1.08270508132602,-12.386,15.392157567337472,,1.15017769040074,7.21885221068088,4.21970034558892,-0.417,,,2.725
NLD,2001,-1.209,2.26893537254394,,,,0.738332922904015,9034321707.96264,4.15584127195612,1.11653308564462,9.914,3.1243969296948393,,-0.275603023971872,7.2696250680725,2.32358454925847,-1.539,,,2.119
NLD,2002,-6.0156,2.32001964022281,,,,0.80315966324196,9563259232.8091,3.28753104712766,1.05755899623965,6.937,-5.281893583200159,,-1.73572929860947,7.45971871203279,0.24582951723049,-2.017,,,2.554
NLD,2003,6.0127,5.13225020681317,,,,0.752863589496135,11167016093.5686,2.09199838997655,0.88404792718493,-5.264,-16.406750797985868,,-2.73586572952859,7.17419465101058,0.0978549395212411,-0.791,,,3.593
NLD,2004,0.7055,6.70186382151751,,,,0.502098256556813,10654802011.4761,1.26364739183177,0.803921647747618,-7.505,-9.063567367038317,,-1.49217511047401,8.2336762777643,2.01628331561487,1.23,,,4.646
NLD,2005,-0.258,6.04101636574987,,,,0.418176263639989,8985960846.69697,1.6881301786962,0.803800192161442,0.028,-0.015107888500853761,,-0.209537859640369,8.91593536326525,2.03401576512488,0.651,,,5.872
NLD,2006,-9.7212,7.75425232709906,,,,0.431290048871291,10802424563.5363,1.10150106517709,0.796432730949102,4.416,-0.9165786826361266,,0.319009131083133,9.09584573167825,3.53729585853395,1.008,,,5.007
NLD,2007,-13.5652,5.86450821149172,,,,0.375124043316783,10269699023.4142,1.61385859802102,0.729672399984083,-2.104,-8.38241930181114,,0.17871622977801,7.62185379952631,3.88542348324803,0.733,,,4.153
NLD,2008,-13.0596,4.06750194753688,,,1.68139773681757,0.371368812489831,11476397025.0888,2.48650198289457,0.679922680042729,-7.551,-6.8180898636756915,,0.636266906597431,9.05927999275294,2.11674514240192,-1.063,,,3.658
NLD,2009,-3.5963,3.34540739416214,,,3.20168767980185,0.634547846683256,17870503511.1936,1.18977687021548,0.716957702016136,-0.403,5.44694611026646,,-4.14822596334657,8.09396784692457,-3.66528147002826,-4.444,,,4.352
NLD,2010,7.4247,6.40659475745776,,,2.83234869790715,0.666331933561447,18471183450.9493,1.27530569556679,0.754308990105961,3.388,5.209692006207689,,-4.20312213267975,8.49302201168856,1.31935287897116,1.396,,,4.991
NLD,2011,13.9563,7.01569973680719,,,2.71087690835902,0.624233329524329,20264123069.4659,2.34107017751373,0.718413898653317,-3.464,-4.7586720990295595,,-3.77507762803481,8.59327482839517,1.77330320575034,1.964,,,4.977
NLD,2012,14.1652,7.50199225228895,,,3.09784428543665,0.721919450906467,22050302189.2563,2.45554765291614,0.778338120416812,3.592,8.341183526073802,,-3.41004387510786,9.75795768057463,-0.977826121310997,-1.683,,,5.821
NLD,2013,9.0135,7.90135338752685,,,3.22716888618911,0.58607666438213,22591403546.113,2.50689852657875,0.752945122701996,-3.561,-3.262463580894348,,-2.51635072051349,10.0904942702989,-0.0302410184270769,-0.285,,,7.241
NLD,2014,9.9497,8.54625757819213,,,2.98266215275663,0.528229325843244,19307045590.6256,0.976035079699679,0.752728196932603,-7.951,-0.02881030275015961,,-1.94333558788554,11.0486320172937,1.61255885112396,1.411,,,7.419
NLD,2015,1.5875,4.84837059519836,,,2.71198466589928,0.511722126879094,17341291383.3571,0.600248147278776,0.901296423367096,7.41,19.737300534231927,,-1.65552258018379,7.65788250438016,2.12064007193544,0.886,,,6.872
NLD,2016,-2.0047,7.14588669256922,,,2.54052744825368,0.494873270134095,13341855978.2734,0.316666666666652,0.903421436257263,5.308,0.23577291943845946,,0.163015933627243,10.8534731141736,2.42428065449427,0.372,,,6.007
NLD,2017,-11.4301,8.04969631853888,,,2.30542707664559,0.472997771571007,12892609300.0802,1.38145871407216,0.885205508269372,-0.089,-2.0163267393074835,,1.40385504107951,10.713034769418,2.78150834679987,0.339,,,4.837
NLD,2018,-23.3994,8.83776760941587,,,1.95988149570236,0.429356147085047,13194707104.824,1.70349794744479,0.846772667108111,-3.867,-4.341685721816102,,1.66879849810676,10.553772325483,2.25873158164956,-0.229,,,3.832
NLD,2019,-36.7787,6.79648399842588,,,1.83446077218657,0.501349623047987,13330656622.8042,2.63369910249591,0.893276257067409,2.764,5.491862428450434,,2.16868108758242,9.96520710030647,2.3001616053659,-0.147,,,3.379
NLD,2020,-25.6335,5.72296366531146,,,1.87864539454561,0.689789384684911,16733754575.3332,1.27246037789161,0.875506396987998,-0.751,-1.9892905401682426,,-3.51577475035611,10.2498214860931,-3.86799714191608,-4.098,,,3.82
NLD,2021,-32.634,10.2781370842496,,,1.72417915273341,0.687991606395572,28629843991.3701,2.67572008805385,0.84549413889045,-5.821,-3.427988441980445,,-2.4492176546464,9.7451629185127,6.27683593745216,4.707,,,4.209
NLD,2022,-46.8485,6.82147679536227,,,1.60064591800168,0.581471403000702,27665671741.2206,10.0012078753473,0.949623753156941,5.062,12.31582922658001,,-0.282244269586042,8.7797589100642,5.00723453395074,2.535,,,3.526
NLD,2023,-52.6454,9.41409249872006,,,1.55160063687098,0.634224247828485,29218970743.285,3.83839354342808,0.924839558470698,2.106,-2.6098962461553965,,-0.210354307502002,9.9416930998264,-0.598061017580278,-4.16,,,3.535
NLD,2024,-56.4942,9.13742493692445,,,1.63696844977663,0.729998349874489,27753821186.1887,3.34754304219953,0.923889546117607,0.332,-0.10272185530881828,,-0.614510544847589,11.0390774138843,1.07383137319854,-0.754,,,3.7
NLD,2025,-52.4791,,,,1.4402786631221,,32050333677.9915,3.2595766451366,0.88496895841236,-2.882,-4.212688396443065,,,11.2187123237962,1.78463214703797,1.031,,,3.874
POL,1990,,4.64853694341554,,,,2.93891806818557,4492139367.77112,567.878800666191,0.95,-15.437,560.096200335721,,,,,,,,
POL,1991,,-2.50991404542249,,,,2.11428094680746,3632638631.64972,76.7694992087347,1.05760583333333,-18.359,11.326929824561049,,,,-7.01557879301123,,,,13.621
POL,1992,,-3.29032970311139,,,,2.22090790522089,4099112901.67338,46.0985621037431,1.36264333333333,-8.597,28.842267164751934,,,,2.51497861350261,4.765,,,13.645
POL,1993,,-6.02645744303895,,,,2.06024537248891,4091948573.78823,36.9641666120718,1.81149666666667,1.439,32.939898677326255,,,,3.73831029461471,3.992,,,14.393
POL,1994,,0.57218339303966,,,,2.904196583504,5841784447.80534,32.9912766093523,2.27227666666667,7.512,25.436425497148708,60.4543984704576,-1.94025270252273,,5.292802066626,1.444,,,14.825
POL,1995,,0.59787790958511,,,,4.86288677131572,14774091236.8743,27.951388563304,2.42498333333333,-2.878,6.720425769748983,,-1.99173742208724,2.15225430956086,7.92965956313934,2.276,,,13.695
POL,1996,,-2.02968632371393,,,,4.93786631096595,17844030407.574,19.7949669196707,2.6961,-4.718,11.180145568010925,,-2.86068160011809,-1.40854491106355,6.09387747385628,-0.345,,,12.684
POL,1997,,-3.59238073994115,,,,5.07309948158291,20407157512.0893,14.91315861496,3.27929166666667,3.494,21.630936043420878,,-2.99806041511312,-3.86601034826706,6.35890635030509,-0.435,,,10.964
POL,1998,,-3.93707818430142,,,,6.13247911899959,27325171210.8305,11.5978554257236,3.4754,-2.178,5.980204058295002,,-2.84482645409537,-4.82537066463551,4.62161133761769,-1.07,,,9.935
POL,1999,,-7.31498200628172,,,,5.96370261297084,26354688442.6242,7.15407291179853,3.96710833333333,3.516,14.1482515202086,,-1.45421683010855,-5.90443338260463,4.69918479192557,-0.527,,,12.29
POL,2000,,-5.98021918224644,,,,5.41144158988249,26562047717.1752,9.90017538843065,4.346075,8.856,9.552717869649063,,-3.60770498716855,-6.46428148560071,4.65633252988236,-0.003,,,14.928
POL,2001,,-3.09972932809545,,,,5.11591060513566,25648424839.5156,5.4083354556615,4.0939,0.458,-5.802361901255737,,-4.64303678188729,-3.76401525521931,1.23374464400356,-2.296,,,18.435
POL,2002,6.0073,-2.77624121851834,,,,5.32726712631836,28649702875.3915,1.90528215048054,4.08003333333333,1.662,-0.3387153244258423,,-4.50414846089646,-3.55000245471059,1.90119437968586,-0.696,,,20.211
POL,2003,1.2735,-2.50410381576022,,,,4.88571321166886,32579118213.2397,0.682701375787632,3.889075,2.581,-4.680313069337593,,-5.6676403910113,-2.73611442810067,3.52337117234833,1.304,,,19.899
POL,2004,-5.5651,-5.96912639653316,,,,4.04941784092039,35323859413.3981,3.38264681884699,3.65764166666667,1.797,-5.95085806607819,,-5.1406161484799,-2.85723734956083,5.09079546409544,1.586,,,18.822
POL,2005,-5.2887,-3.30488692842897,,,,4.1206341219697,40863652301.1177,2.18379872390251,3.23548333333333,-2.858,-11.541817701296765,,-3.80658073700308,-1.26055453929505,3.26082274679216,-0.698,,,17.592
POL,2006,-0.0227,-4.64906335604984,,,,3.68238140186844,46371052578.8457,1.28469394366416,3.10315833333333,2.256,-4.089806262845852,,-3.26214044485851,-2.3847210900198,6.20210710934373,1.351,,,13.794
POL,2007,4.2276,-6.68396289819493,,,,3.75973311545427,62966789524.5349,2.4587431238539,2.76795,-5.44,-10.802166609824837,,-1.87266169509765,-3.80316622247631,6.7604478527626,1.353,,,9.551
POL,2008,12.7143,-6.74648774312839,,,2.82208199288244,2.8989688550735,59305603933.5405,4.16497193524779,2.40924166666667,-16.437,-12.959350180940044,,-3.39757861593792,-5.23713615500082,4.38377069274605,-1.398,,,7.069
POL,2009,7.1619,-3.94518857698649,,,4.08301602290229,4.96007648868968,75923343669.465,3.79539242483399,3.12014166666667,9.283,29.50721008339412,,-6.15726161710443,-0.960495593336648,2.61512859291683,-1.971,,,8.131
POL,2010,5.8993,-5.16657584018312,,,4.70497582133692,4.8772928245856,88821825714.386,2.58069370250548,3.0153,2.116,-3.3601572578169314,,-6.14261436548399,-2.44143862934832,3.16892748258036,-0.22,,,9.578
POL,2011,5.6845,-5.11055687403888,,,4.53797781890378,4.38728143721107,92646488277.0065,4.23940149625932,2.96284777777778,-4.519,-1.7395357749550588,,-4.1123831872808,-2.28730733694175,5.25546256612796,1.576,,,9.576
POL,2012,2.0164,-4.11182485634079,,,4.92137936955479,5.13891640789494,103396170932.518,3.56037151702793,3.25654166666667,4.713,9.912554100540705,,-3.43789644208447,-0.784100029465394,1.51178167644575,-1.8,,,10.031
POL,2013,1.0632,-1.98155143805472,,,4.79348889261062,4.83774182838336,102235904328.478,0.991982606332335,3.16061666666667,-3.073,-2.945609478357669,,-4.02382999301488,1.1170690842659,0.684240607051805,-1.8,,,10.293
POL,2014,0.3137,-2.97288032663133,,,4.61948181975494,4.25066485654916,96461531332.9525,0.0538213132399802,3.15454166666667,-8.744,-0.19220932623907894,,-3.36786219034783,0.407324353797981,3.92050862390032,1.882,,,8.971
POL,2015,-1.5266,-1.3254755565429,,,4.16510529138445,4.62368278059075,91394818430.4186,-0.874125874125862,3.7695,5.845,19.49437979632527,,-2.53252717229123,2.06784617731122,4.43176700264478,1.42,,,7.475
POL,2016,-1.4387,-1.06875798055693,,,3.93108996669006,5.39230452387895,110535283590.469,-0.664767331433962,3.94278333333334,7.975,4.596984569129603,,-2.65076957705417,2.94695491864777,3.03117767594847,-0.763,,,6.141
POL,2017,-8.0109,-1.18631971999704,,,3.83219672759303,4.60236894876816,108975251054.109,2.07593553673859,3.77933333333333,-0.243,-4.14554861836206,,-1.58580874944162,2.81915991097917,5.15245773325907,0.947,,,4.867
POL,2018,-10.0377,-1.96597258830492,,,3.86657827897154,4.14894327063583,111656116422.589,1.81295156542689,3.61171666666667,-5.318,-4.435085553007423,,0.0711030565932835,2.02268871994476,6.2458584723942,1.436,,,3.835
POL,2019,-12.7717,-0.272945793712772,,,3.81150994513216,4.60331314972597,117196226086.771,2.22747880938291,3.839375,1.078,6.30332759583383,,-0.525642748761954,3.64475314497549,4.58045817256199,-0.746,,,3.267
POL,2020,-11.0909,2.39835922164097,,,3.71722963023515,5.76793469149636,140316302987.077,3.37446972618589,3.89974166666667,-0.873,1.5723045200500163,,-7.0279473310229,5.60867980950599,-2.03556882399977,-4.966,,,3.155
POL,2021,-14.7144,-1.30156521580162,,,2.85023106835434,4.78077058564326,152521861501.659,5.05502704719272,3.86191666666667,-4.703,-0.9699360427720571,,-2.30300903469373,3.20166912265857,6.92718266052501,3.77,,,3.268
POL,2022,-20.7773,-2.27455866454271,,,2.43227662321668,4.25614570821665,153339778081.221,14.4294507575758,4.45775833333333,9.238,15.428651576289653,,-3.0056919876808,1.68369963074641,5.25545697386036,1.873,,,2.811
POL,2023,-22.3946,1.53683077845046,,,2.32399482814849,4.85461481369942,169998923785.402,11.5289127961105,4.20366666666667,3.719,-5.699987475019985,,-4.54136329910865,5.73760699727167,0.249610834017872,-3.894,,,2.743
POL,2024,-19.7496,0.30454349270969,,,1.78153481819135,5.36718824327154,185514883618.966,3.79060897630197,3.98078333333333,-2.924,-5.30211719927064,,,4.00018393663821,3.02841630700273,0.184,,,2.807
POL,2025,-16.8492,-0.874270577338915,,,1.59098477098429,5.86929668938286,194539460863.037,3.81419531520146,3.76054166666667,-5.554,-5.532621301502482,,,2.8709479431229,3.5727250346774,1.289,,,2.976
RUS,1990,,,,,,,,,,,,,,0.217323812480596,-2.99999564243126,,,,
RUS,1991,,,,,,,,,,,,,,0.286020736503396,-5.04693945142462,-1.023,,,5.11
RUS,1992,,,17.4798552537527,13113459769.5,,,,,,,,,,14.0678590215676,-14.5310737729264,-7.005,,,5.181
RUS,1993,,,26.1163148011452,8293511362.7,,,5835004903.14222,874.245720380188,0.991666666666667,-74.994,,,,7.710745729112,-8.66854034260423,0.747,,0.704,5.883
RUS,1994,,2.26332668866148,31.1174870010575,9866042023.4,,1.25548712747193,3980411978.19572,307.722635553193,,,,,-6.99369627507163,4.56304543593942,-12.5697559802151,-0.647,,0.403,8.131
RUS,1995,,1.88045783512905,31.1283376666771,10360324543.0,,2.43727667621875,14382776209.9987,197.414268084251,,,,,9.32096185281278,3.39511723339807,-4.1435284052602,4.317,,1.388,9.449
RUS,1996,,2.57898342400441,32.8834236780997,12126040592.6,,2.03040779201634,11276434819.2203,47.7520122009939,5.12083333333333,-5.18,416.38655462184823,,,4.22347544116268,-3.7550694383594,3.068,,0.93,9.665
RUS,1997,,-0.206268282708236,32.3401786460413,6070658933.7,,2.01666897017265,12894700706.7376,14.761329268806,5.78483333333334,-37.424,12.966639544345204,,,2.20276164838289,1.3999158052963,3.566,,2.124,11.813
RUS,1998,,0.026225709921156,67.8018769206859,14978831224.0,,1.60322334850871,7801376654.9566,27.6856798076742,9.70508333333333,-33.853,67.76772595004152,143.948999533393,-6.25572563063222,6.6701576613834,-5.2999616266239,-2.748,,0.521,13.261
RUS,1999,,11.6664565462153,95.6702724203279,15625223595.8,,2.3710125926917,8457230879.05286,85.7464940960636,24.6199,26.376,153.68045955298348,100.744137724205,-0.118260913555191,17.0466555268369,6.39991469144101,5.567,,0.541,13.036
RUS,2000,,17.4742424828314,57.9764384368627,15630197066.4,,4.74378977156661,24264339146.1263,20.7987606558704,28.1291666666667,14.373,14.253781155352762,62.1488888669576,2.46921343564087,20.0269755736737,10.0000668136515,6.3,,1.552,10.581
RUS,2001,,10.4545347443772,46.6826951160993,18971545000.0,,5.23906491878679,32542400769.37,21.4770072117159,29.168525,1.309,3.694948896459671,48.9836153351704,2.63026592118165,12.6761285276468,5.10005122572568,-2.067,-94.965,1.715,8.978
RUS,2002,,7.9523289090993,40.8533394581356,16318515000.0,,6.12766903546728,44053601167.0147,15.7887307914463,31.3484833333333,5.798,7.473666677808688,41.3527168644107,7.02307372697475,10.7797423941646,4.69999190914258,-1.9,-59.391,2.7,7.875
RUS,2003,,7.69799200510312,44.5626607613604,30457455000.0,,7.52555207914772,73174946720.6866,13.6632930228666,30.692025,3.474,-2.094067283425083,,2.20755532371737,11.3716945439598,7.29995234528189,1.6,,2.403,8.21
RUS,2004,,9.90832254287658,37.044289752436,26448540000.0,,9.88536746944771,120808798295.73,10.8886157326216,28.8137416666667,-1.545,-6.119776500029895,,5.28091748599804,12.253929712514,7.19994786954857,0.8,,4.568,7.763
RUS,2005,6.6785,11.0454169715192,33.5124776049074,27130669000.0,,10.91900160117,175891409917.674,12.6853039507349,28.2844416666667,0.612,-1.8369707277979819,16.6608684477983,9.88306837983567,13.692883439694,6.39996544799469,-0.567,-45.488,6.483,7.124
RUS,2006,6.1231,9.32544491399994,32.3865885396895,40600800000.0,,13.6000555108579,295567570300.098,9.66865454789265,27.1909583333333,0.914,-3.866024106892929,9.89107286046746,8.02609442899411,12.7275490206864,8.20006825456321,0.933,-39.093,7.28,7.055
RUS,2007,11.4236,5.55457619335894,32.7591854997396,100262664000.0,,16.0465979647848,466750419882.05,9.00729868861079,25.5808453675404,-7.08,-5.921501353702075,7.15843011658404,6.18602656335227,8.62199822361337,8.49997776916511,0.8,-34.194,4.655,6.002
RUS,2008,10.7822,6.25797161157479,25.9737563112073,74207582000.0,3.81172366116837,10.7798072680751,411749599971.659,14.1107677840442,24.852875,-11.07,-2.8457635276749826,6.49528743788997,5.61985724610633,9.23665462624692,5.19996926404957,-2.1,-10.166,5.549,6.205
RUS,2009,8.8933,4.12086933736946,34.3613166173345,53096411000.0,9.58055783170298,16.4516778273398,416648892265.015,11.6473295764118,31.7403583333333,11.821,27.713024482412195,8.69786633503919,-5.23304703241026,7.44114138048607,-7.79999391271275,-9.767,-1.193,7.847,8.301
RUS,2010,-2.3345,4.4233366535099,28.2773715301649,60213596000.0,8.30661167313489,14.1597902374813,443585871721.266,6.84939230255025,30.3679153383059,3.164,-4.32396818149996,9.09810564473106,-1.86984944407401,8.07561608269267,4.49999999920672,3.867,1.94,7.367,7.407
RUS,2011,-3.9714,4.75452652542426,27.4162213475377,69885840000.0,6.62814262110441,11.632229448834,453948184789.354,8.4404648593257,29.3823413709302,-4.706,-3.2454449256597573,8.64108194430582,3.05669228465915,8.07532355191802,4.30002918604238,3.967,2.146,6.496,6.571
RUS,2012,-0.9721,3.22793090052757,27.6477290740837,81901840000.0,6.05937220678027,11.5222288258363,486576820807.129,5.07474300799149,30.8398313519917,-4.108,4.960428315299215,8.55140859340356,2.29973833905503,6.66325029293692,4.0240861571798,-0.251,-0.146,5.941,5.484
RUS,2013,6.5722,1.45817388483059,30.2102878450986,84000000000.0,6.01730651081845,10.3415183701028,469602700888.888,6.75466833903486,31.8371436402813,-16.82,3.233844818756415,9.06725564048848,0.853317841714199,5.40352425201101,1.75542214916291,-1.604,-0.031,5.591,5.513
RUS,2014,16.9287,2.79290979175164,27.8421875364677,63013000000.0,6.81325840246744,8.51896923617438,339369921935.749,7.82016970013845,38.3782071444168,-16.223,20.545384278316824,11.2004612827286,-0.922756553864393,6.42085284069341,0.736267221403651,-1.436,2.559,5.386,5.212
RUS,2015,15.0639,4.97088857375125,37.125952762227,48587000000.0,8.37596711898549,12.3779655076395,319835210258.841,15.5343959935701,60.9376501088951,18.763,58.78190942997246,13.5407657768558,-2.26969968330777,8.04742957415926,-1.9727192264298,-2.146,4.989,6.583,5.615
RUS,2016,4.4533,1.91643731021353,43.1184713428485,51050000000.0,9.24076995498894,13.2258115719456,317544471407.945,7.04243725413707,67.0559333333333,16.667,10.040234917993839,14.2417395793548,-2.22572273205624,5.19084611422384,0.193671130698817,0.541,5.174,6.22,5.591
RUS,2017,-0.4271,2.04412673615753,33.8872742360339,55958000000.0,9.65589344602211,12.4862324143568,356084020964.11,3.68333072334495,58.3428011851719,-7.021,-12.993827264842695,16.3253741158845,-1.55254498972161,5.3052376223825,1.82670527549192,1.811,5.125,6.363,5.238
RUS,2018,-5.2022,6.97989872935135,29.548796109,54201000000.0,9.74675740899047,12.8721612352105,381575041682.719,2.87831382614981,62.6681333333334,-3.561,7.413651830726287,16.1685789853238,2.99931928709043,10.0056132337522,2.80634082046656,1.197,2.628,7.04,4.871
RUS,2019,-7.029,3.87612476973049,29.6288697909038,68306000000.0,8.82848632528604,14.4905418216873,443970001638.925,4.47202631837903,64.7376583333333,-2.359,3.3023562214499647,17.2760484379376,2.25303685943492,7.63810769804841,2.19807571381982,-0.079,3.034,6.5,4.513
RUS,2020,4.5709,2.36911533657246,31.6125814211445,61854000000.0,8.16184118410632,18.6186075758305,457017572769.564,3.38219796948068,72.1049083333333,5.525,11.380161392409537,22.992021036968,-1.7556031548021,5.07746281979712,-2.65365449695453,-3.437,6.667,7.389,5.62
RUS,2021,-13.4206,6.83107025995823,26.4340953468359,76958000000.0,6.10135444843519,15.121498531694,497554424796.464,6.69445891957612,73.65435,1.134,2.1488712800296295,21.0287512612177,1.21542847320298,9.41864361063294,5.866491772979,4.063,4.86,6.465,4.749
RUS,2022,-19.991,10.370132157734,16.757438584072,65566000000.0,5.50983446091328,16.0963355900744,445783706946.206,13.7436797398232,68.4849416666667,-12.638,-7.018469830136709,19.2810466629119,1.45490619204936,12.6529449957023,-1.43537063467896,-2.028,2.005,6.799,3.867
RUS,2023,-12.5232,2.41395767974471,,,4.50692606999785,16.2585942045348,442537063819.197,5.86571931748967,85.1620083333333,6.501,24.351435893510786,18.7312788319232,3.36236398439808,4.2003669787661,4.06661395813023,1.234,-4.261,,3.076
RUS,2024,-11.8837,2.85909027069263,,,,16.7768277290964,412678267884.902,8.43486410496723,92.5524,12.777,8.678038260605492,17.8500676833114,1.56344099066055,4.29432594773269,4.92167966203073,2.404,-3.179,,2.43
RUS,2025,-6.4163,1.68127939033566,,,,,,8.71986939402666,,,,,,2.69610398874401,1.00117656925738,-2.329,,,2.133
SGP,1990,-15.9855,8.63724140435268,,,,4.73325824236763,27789982289.34,3.46075338652824,1.81253333333333,5.195,-7.061884963957787,77.855311856756,10.5160421776563,10.0528710227926,9.82089955731777,,,,
SGP,1991,-14.1508,10.7339641366336,,,,5.30244340181343,34186648637.5145,3.42570173078643,1.72755,1.848,-4.688649404148714,78.97732191875,9.25355347657583,13.2043930188381,6.68839753958379,-1.566,,,2.18
SGP,1992,-12.3017,11.3460660380192,,,,5.66612932922392,39941405839.6469,2.26307118702851,1.62896666666667,-2.015,-5.70654009049405,81.8827558107494,12.6695415225117,12.1396322665279,6.63980556949564,-1.077,,,3.09
SGP,1993,-11.4841,6.94851439736297,,,,5.82257520009455,48416241487.7072,2.28929964388641,1.61579083333333,2.044,-0.8088460987542234,72.8796371846888,17.5985033153566,9.88489947724286,11.459650875246,3.197,-4.976,,3.07
SGP,1994,-11.3548,15.4701578956138,,,,5.89415997584386,58295758863.2458,3.10013262599502,1.52744416666667,0.495,-5.467704410997509,70.2818345454772,20.3615286338994,16.1701704227429,11.0956893100227,1.364,-8.695,,3.03
SGP,1995,6.2603,16.4967504477223,,,,5.33343548856718,68816102850.1861,1.72053384788524,1.417375,-4.944,-7.206100823107208,72.7804903132088,19.0297059454474,16.7826178479921,7.17540112091071,-2.735,-9.102,,3.3
SGP,1996,12.9153,14.627347115363,,,,5.62069868758878,76963971491.1019,1.38318052481876,1.41004083333333,-6.163,-0.5174471587737872,72.735334061978,16.3613625851763,16.3750614978067,7.47139086002002,-1.109,-0.144,,3.57
SGP,1997,15.6223,15.5698355478412,,,,5.22617018959628,71390079571.8017,2.00358618538962,1.48480583333333,-3.343,5.302328715066773,71.3607292667242,20.2361829731933,14.7293501335895,8.31620911124497,0.662,1.079,,2.5
SGP,1998,9.0436,21.7915511543613,,,,6.72326849529725,75077193404.11,-0.267502292876153,1.67360166666667,4.766,12.715186665821543,82.599116639914,10.867406075906,21.4958853430112,-2.19101500611274,-6.723,9.819,,3.41
SGP,1999,2.9468,17.2038802401523,,,,6.07284229447315,77047140631.9869,0.0167098337370727,1.69495666666667,1.263,1.2759906031005075,87.8603784550691,12.1385959214372,17.0051793986428,5.71837175710837,1.771,15.125,,4.85
SGP,2000,-3.957,11.0715031927897,,,,5.25898275858787,79960831788.8664,1.36162392448456,1.72396333333333,-0.634,1.7113515193108109,83.842291725532,11.0358842835097,12.3372601012845,9.03831632555163,4.85,12.482,,3.7
SGP,2001,12.174,14.4329302808565,,,,5.58717831248265,75467336561.2857,0.997197956155943,1.7917225,2.461,3.9304296881799594,93.9363125102557,5.48837186174524,16.4962557245645,-1.07086275100448,-5.633,11.337,,3.76
SGP,2002,4.5429,14.8770537568056,,,,5.89466903678695,82009476412.0008,-0.391676866585049,1.79058833333333,2.452,-0.06330035296594483,106.332540928351,4.55708303233411,18.4262221473873,3.92336076702013,-0.04,18.472,,5.65
SGP,2003,6.4549,24.3020823146557,,,,6.14268374450453,96033752490.4118,0.507905300237551,1.74218333333333,0.366,-2.703301428859972,108.589983770079,2.91856412523315,27.9538484780261,4.54825542643229,2.081,24.748,,5.93
SGP,2004,-12.8227,19.3111213606955,,,,5.5881238501796,112367250698.232,1.66272719863072,1.69022833333333,-0.297,-2.9821775358506275,101.779018993689,3.86457031470995,26.3796783467827,9.93998268434957,3.803,7.843,,5.84
SGP,2005,-15.4679,23.2604773041195,,,,4.93299643486235,115960080490.524,0.425106276569107,1.6643975,1.576,-1.528245197640754,94.9666937754733,6.36884586998115,29.8888225532735,7.36632239250758,0.081,-11.366,,5.59
SGP,2006,-22.0697,26.8933813503311,,,,4.90075591105156,136048790221.388,0.965657519018511,1.58893333333333,1.006,-4.534023072413296,82.8374805427534,6.14544111843387,30.7118345791052,9.00676607871758,0.236,-25.753,,4.48
SGP,2007,-14.5766,27.143332530687,,,,5.08024174951609,162745553181.672,2.10980166714574,1.50710166666667,-1.236,-5.150100696483606,77.2760743035509,11.1148759651717,31.2703155436645,9.02151951268893,0.557,-24.503,,3.9
SGP,2008,2.4065,15.08343561816,,,1.42549965541006,4.63162921909622,173980976508.271,6.63544058395309,1.41486083333333,-3.474,-6.120412137646525,96.4099647516113,7.63082350398771,20.660826979181,1.86348345462035,-4.767,1.443,,3.96
SGP,2009,1.7658,16.3930632928179,,,2.03438434173328,6.00113380620524,187591629172.212,0.589142019610516,1.45451471343874,3.927,2.8026699991396287,106.372468302322,1.56565443023855,23.4970581934138,0.127953382778088,-3.543,23.535,,5.86
SGP,2010,-6.0085,22.9333472183784,,,1.40635425755787,5.8077734027456,225502815357.534,2.82884527612958,1.36350833333333,1.145,-6.256820867095536,101.449782417951,7.46430746091276,26.3123657984079,14.5197497108994,9.016,24.174,,4.12
SGP,2011,6.0067,22.2184518342372,,,1.06045560853893,5.16536886202671,237527296471.038,5.25115624639373,1.25777587719298,-4.377,-7.754441506189325,104.78518384861,9.07581483681349,27.5567859215369,6.21493416858989,-0.739,8.375,,3.89
SGP,2012,17.2418,17.6432739045995,,,1.04262808908742,5.43623357526727,259094453708.28,4.58084479423094,1.2496762037037,-2.206,-0.6439679466071713,107.828093624626,8.45642479536731,24.2262599638529,4.43549759378537,-3.955,1.456,,3.72
SGP,2013,26.4403,15.707187590209,,,0.866941606339939,5.43683101786015,272864079589.929,2.36439793742726,1.2513,-2.252,0.12993736229334196,99.4464888561159,8.05627246373648,23.1138126272669,4.81763099120676,-0.338,-2.003,,3.86
SGP,2014,27.9594,17.9502135491878,,,0.756532862271537,5.12342361688902,256643001243.075,1.03316955857629,1.26705,-2.899,1.258690961400144,99.6097986729595,7.10182958727192,23.4397524087732,3.93554027709007,-0.461,-5.175,,3.74
SGP,2015,23.1994,18.6930222903094,,,0.92406290512104,5.41630753480116,247534022494.842,-0.521975611895763,1.374825,3.283,8.50597845388894,103.320839751929,4.19835817762014,27.2978180591015,2.97679931634806,-0.933,-4.507,,3.79
SGP,2016,13.5012,18.0266123608265,,,1.22253307180161,5.59069271249593,246364687061.882,-0.529809760375464,1.38154636363636,2.288,0.4888886684748961,108.476641908311,5.01173568595146,26.2537696584132,3.91095306322606,0.303,9.03,,4.08
SGP,2017,7.8406,18.4885963302097,,,1.40020092664899,5.48780927285261,279689810600.258,0.576763191179996,1.380925,0.793,-0.04497595250618769,108.841755783324,7.53409142174025,26.5455976672221,4.32679370770501,0.589,9.232,,4.2
SGP,2018,0.4166,15.6764327413725,,,1.30951785160199,4.90921841872551,287465993957.011,0.438784215129623,1.34884166666667,-1.619,-2.3233219279345296,110.440057046779,4.76312793979198,29.7002689521849,3.18660848474074,-0.622,7.119,,3.613
SGP,2019,7.6288,15.4536632743623,,,1.30642223339991,4.79837409853881,279239622549.322,0.567829988405447,1.36415833333333,0.053,1.135542224500763,127.851935478091,7.41633409287463,29.3679959677239,1.15877947300108,-1.732,19.375,,3.1
SGP,2020,21.2384,17.6975168735289,,,,6.5266318785032,362088236299.806,-0.172111865925382,1.37974166666667,1.23,1.1423405152143795,150.816252807492,-7.32681145207985,31.2794004151861,-3.61084281729929,-3.856,41.974,,4.1
SGP,2021,-14.1889,19.2527773366463,,,,5.86539457353699,416101080910.8,2.31610315765146,1.34348333333333,-1.342,-2.6279073981245182,147.759530258993,1.6482310701314,35.7853448639528,10.1410845197192,7.578,37.319,,4.64
SGP,2022,-44.6015,18.9227008880076,,,,3.52234707372305,287670294059.38,6.13095418919732,1.37866666666667,1.658,2.6188142763220013,152.534986779861,1.49601003945497,39.7743951547498,4.01027884472296,0.497,24.683,,3.591
SGP,2023,-29.9485,16.3916456531586,,,,4.31234700367134,344581246445.917,4.83372362825798,1.34276666666667,0.078,-2.6039651837524103,173.624161872218,,37.1588058240263,1.45026775889565,-3.75,22.808,,3.444
SGP,2024,-36.5409,17.2010838902762,,,,4.1819284049901,365494398350.791,2.38951123595017,1.33623333333333,-0.376,-0.4865576049455034,167.799832036767,3.44413982365181,36.0123318495488,5.3435120192366,1.742,20.04,,2.737
SGP,2025,-19.7575,16.7132387250529,,,,4.38779137884008,404932759589.259,0.902998495002676,1.30745,-1.608,-2.1540649088230723,,,35.3969428869762,5.02588199508003,1.086,,,2.818
TUR,1990,,-1.74238577195045,33.3613710496846,9500000000.0,,3.1611868376464,6049535118.29395,60.3038691346447,0.00260864166666667,-42.679,22.951750087882395,30.2454942016516,-2.98781204507605,-4.21278979657569,9.26614667149315,,,0.637,
TUR,1991,,0.165524841501632,34.2878283206299,9117000000.0,,2.85972029652918,5144174312.3203,65.978567991895,0.00417181583333333,-32.269,59.922916460354216,32.1299111323629,-5.2792584994943,-2.79375144516835,0.720279039109613,-4.273,,0.564,8.21
TUR,1992,,-0.612175223712419,36.1437921713991,12660000000.0,,2.98288711526786,6159412666.5475,70.0761038690374,0.00687242333333333,-36.655,64.73458100479432,34.0172750620102,-4.31565584505857,-2.95289417652611,5.03563493261181,0.028,,0.487,8.509
TUR,1993,,-3.56565306523328,38.6140215164291,18533000000.0,,2.51197349949084,6271512909.31373,66.0938429820004,0.0109846283333333,-43.659,59.83631683535171,33.6982232562415,-6.70055020339154,-5.66948207576583,7.65126520761324,3.182,3.453,0.338,8.962
TUR,1994,,2.01377036999334,52.006057514151,11310000000.0,,3.40113427671981,7169312960.67317,105.214986469202,0.0296086758333333,-15.266,169.54645104818496,44.0175057105221,-3.88948578636222,0.978410073484351,-4.66814736735584,-7.341,11.888,0.634,8.577
TUR,1995,,-0.99616690058046,44.4149487654801,15701000000.0,,3.72027864167706,12441845319.3564,89.1133172248499,0.0458450608333333,-28.302,54.83657928978085,25.8570964356936,-2.93930064379237,0.65522101870179,7.878266878218,4.258,-8.16,0.792,7.644
TUR,1996,4.1988,-0.973371226633304,45.1584550856343,17345000000.0,,4.01481843420629,16435819484.867,80.4121511388042,0.0814048916666666,-28.523,77.56523862539682,27.4847222842895,-6.07419920947633,-0.531495252067271,7.15779847930847,3.702,-6.214,0.948,6.629
TUR,1997,6.6258,-0.999933462545818,45.3375702170046,17994000000.0,,3.9115922183397,18658335761.0854,85.6693616499779,0.151865,-20.79,86.55512818793561,31.8793752282311,-5.71115644361705,0.11700413387833,7.3578623747848,-0.107,-12.138,1.037,6.841
TUR,1998,1.9747,0.724544822196581,35.5197964688648,21217000000.0,,4.10647163475539,19488809978.6684,84.6413434846314,0.26072425,-15.239,71.68159220360188,30.2863787420054,-5.7043440196196,0.93197566539943,1.90857064345151,-3.566,4.429,0.919,6.888
TUR,1999,0.6722,-0.360379399136068,40.2534004567491,23472000000.0,,5.46612415757457,23345860685.8992,64.8674876350757,0.418782916666667,-21.932,60.62292505076419,,,-0.00498917662931236,-3.05277055759434,-5.124,,0.995,7.687
TUR,2000,-0.057,-3.61057524589502,43.2121592012955,28912000000.0,,4.15738738710061,22488440255.1615,54.9153705812683,0.6252185,-22.574,49.29417488575514,,,-2.50784216732289,6.98528697817062,5.038,,0.778,6.495
TUR,2001,0.1416,1.85959025093731,57.4050808197224,16345000000.0,,4.59996500318701,18879205044.262,54.4001887619074,1.22558808333333,16.11,96.0255627965791,,,4.64933731885119,-5.45940838563062,-4.95,,1.155,8.381
TUR,2002,-5.2024,-0.259990521546323,55.901957136984,18679000000.0,,5.6418668646411,27068603592.9479,44.964120947985,1.50722641666667,19.917,22.979852461305427,,,2.42764213538544,6.43550883793114,3.782,,1.449,10.358
TUR,2003,-6.1361,-2.39510781690365,48.0065470233487,27290000000.0,,5.24559296762759,33990987003.7045,21.6024384490573,1.50088520858333,7.163,-0.42072033857819546,,,0.0211661117711708,5.79909321038525,3.541,,1.246,10.542
TUR,2004,-3.6684,-3.46160310805252,41.0343944750811,36705000000.0,,4.07383655222626,35669142865.7953,8.59826168115262,1.42553725,-1.082,-5.020234602381757,,,-1.2845801756369,9.92540551918624,2.539,,0.972,10.838
TUR,2005,3.1236,-4.12736838327371,35.5841267097801,43563000000.0,4.31589850311115,4.74021599368579,50579001444.9876,8.17916036802008,1.34358310833333,-4.049,-5.749000362261314,,,-2.07123439281512,9.11157745861635,0.833,,1.161,10.636
TUR,2006,7.5495,-5.5679426761279,39.4750573117788,49348000000.0,3.58098683705456,4.83278965480535,60891882734.8823,9.59724212288446,1.42845341333845,5.002,6.316714200910045,,,-3.59430600497415,7.06762607623939,-1.634,,1.234,10.227
TUR,2007,9.6489,-5.39177822047968,39.8040022720477,51794000000.0,3.3213977793724,4.81895725661339,73383889194.709,8.75618090972632,1.30293090533794,-5.945,-8.787301484838094,,,-3.65230751340748,5.10818513903604,-1.988,,1.417,10.285
TUR,2008,12.3884,-5.0844969449165,38.5984279883647,56371000000.0,3.44167340058132,3.91083997729574,70428065015.1764,10.4441283764885,1.30152170281795,-8.159,-0.10815635074866714,41.0318813015611,-1.82099814733587,-2.91849408664854,0.920118221365883,-3.445,13.547,1.249,10.965
TUR,2009,10.2666,-1.73697758122388,44.5736356122904,56130000000.0,4.96997625418198,5.4952405363962,70873658697.6394,6.25097663090626,1.54995977566564,5.695,19.08827738406451,48.4871401208098,-5.0696117044268,0.476580482539053,-4.88269401706633,-5.265,16.608,1.263,14.026
TUR,2010,12.8437,-5.70254261669491,41.0990751678409,93001187000.0,3.48959158482402,4.98149669912827,80712981658.9094,8.56644420552976,1.5028486296723,-3.975,-3.039507652584583,45.1797411840038,-2.73706177865043,-3.76344510314783,8.54219848467686,7.016,14.893,0.868,11.879
TUR,2011,12.8694,-8.81351105932507,38.6013112607881,96942410000.0,2.57632211204451,4.01504832644044,78322380031.4294,6.471879671151,1.67495455197133,-0.626,11.451979853523774,39.9693425323809,-0.726181221783564,-6.67086901506326,10.9799625273598,6.1,-1.063,0.808,9.789
TUR,2012,9.6569,-4.72096418758118,40.4357594121779,114643208000.0,2.7433675978872,5.52884305144567,99942631608.9645,8.89156996512163,1.79600094441355,-0.95,7.226846382175278,37.6997174684634,-0.127730797432328,-3.39612506729306,4.80762696633448,-3.302,-10.787,0.872,9.21
TUR,2013,13.2004,-5.12686124176872,42.3711460982425,141904350000.0,2.63627102630173,5.46467548164703,110926748052.956,7.49309030547693,1.90376824244752,-7.434,6.000403194061743,31.7836465280795,0.279509002150069,-4.26183338158831,8.48825689298511,0.396,-13.396,0.782,9.713
TUR,2014,10.8777,-3.40746259930754,44.4602073781668,142503631000.0,2.74183131997442,5.46656223125612,106906397642.209,8.85457271364316,2.18854241775473,-5.897,14.95844761761016,31.1206735016751,0.269361188352854,-2.67212467047683,4.60079447270559,-1.365,-8.849,0.75,9.901
TUR,2015,9.8464,-2.46735825450658,46.7405303729401,104319973000.0,2.98772329214313,5.46401299517088,92920827378.6929,7.67085364845885,2.72000852790578,0.886,24.284021449138372,29.145145266046,0.376091561208709,-1.31335609821325,5.80557386628684,-0.493,-8.555,0.891,10.304
TUR,2016,9.7498,-2.54530792537505,46.3614777541171,89936614000.0,3.10968373133546,5.43169973687983,90919204818.2566,7.7751341532833,3.02013474808043,-7.952,11.034017617794989,30.075201418508,-0.974999415026735,-1.60577894110722,3.32366508200445,-1.253,-1.708,1.011,10.899
TUR,2017,4.2068,-4.06783613710293,52.6882928024745,109216835000.0,2.84271365893526,4.7879486495226,84115053501.0138,11.1443110840764,3.64813263536867,-8.294,20.793704244070234,29.5734179673603,-2.60245067681052,-3.05666052974179,7.82585730002594,2.174,-1.547,0.77,10.919
TUR,2018,-1.967,-1.85233343060557,55.4453574540502,92038250000.0,3.68690904641213,4.21759333209898,72866830470.308,16.3324638988929,4.82837014720942,-0.154,32.35182570935991,29.3999927208091,-2.20511093526739,0.630574922822866,3.46815306092219,-1.404,0.255,0.792,10.956
TUR,2019,-7.4402,1.9351600379275,55.3071524639806,95443782000.0,5.0229492930967,5.18429649280588,78532272033.2221,15.1768215720022,5.67381930843574,-5.466,17.51003206982693,33.4600744570718,-3.92445523823865,3.48130339674987,1.30162365464503,-2.897,3.385,0.823,13.73
TUR,2020,-2.3534,-4.22284721473811,60.3150906136416,111221212000.0,3.8900924404522,4.62292551551256,50030653817.0715,12.2789574462574,7.00860541558522,-18.334,23.52535452027775,41.0396523893444,-4.46634618652819,-2.90984442364009,1.80306247087255,-0.388,11.466,0.45,13.148
TUR,2021,-4.8931,-0.74064931592423,53.7425891882514,118034453000.0,2.97599400811766,4.45898866581647,72697047782.1336,19.5964926913324,8.85040754928315,-28.418,26.279152905402057,41.6375124693568,-1.26647365629945,0.498368961459877,11.811094450607,6.839,12.238,0.616,11.969
TUR,2022,-26.4454,-4.99763806227356,50.758322367613,147790066000.0,1.97901752159552,3.88032643940638,82887985445.8925,72.3088359891207,16.5488604173067,-6.979,86.98416231292192,35.3300843740665,-2.95717737537508,-3.61585073655095,5.44122511322401,-0.911,1.87,0.561,10.465
TUR,2023,-31.1377,-3.63367003503212,45.157151097837,174857263000.0,1.48012751953029,4.15773246137926,92703190401.6959,53.8594087593315,23.7385661219918,-2.229,43.44532205472076,33.2548360254558,-4.29865292389269,-1.85602311192189,5.04512369812289,-2.387,-7.785,0.53,9.388
TUR,2024,-34.8568,-0.766008235540632,39.3880494718611,178133840000.0,1.6536819200798,4.72961263910876,90858657478.1688,58.5064507300342,32.8058614432703,16.593,38.1964743560413,26.6192344930079,-2.95931437041885,0.537640299510246,3.3276230893799,-1.277,-15.018,0.51,8.8
TUR,2025,-26.9071,,,,,,71620524300.458,34.8811629820306,39.4548130977983,23.297,20.267572202076533,,,-0.235134381841593,3.60462514082589,-0.388,,,8.52
USA,1990,2.4209,-1.32399955459737,,,,2.73557589265657,72258214607.8445,5.39795643990325,1.0,0.0,0.0,40.933943570707,-3.66652222384702,-1.30560321870476,1.88596557755378,,,,
USA,1991,-1.499,0.0462965293516911,,,,2.60169338107099,66661474288.0029,4.23496396453849,1.0,0.0,0.0,44.0615972806026,-4.37032092052635,-0.464637879459816,-0.108312873733027,-0.997,,,6.8
USA,1992,-6.2288,-0.791448803104507,,,,2.31231476555185,60267694735.1053,3.02881967814969,1.0,0.0,0.0,46.0501444176036,-4.4235511501187,-0.532764691096014,3.52249717254271,1.756,,,7.5
USA,1993,-6.7221,-1.23616054042839,,,,2.39765174502404,62352691775.1732,2.95165696638559,1.0,0.0,0.0,48.2461403335599,-3.69654908560238,-0.950257918609434,2.75179586314481,0.696,7.312,,6.9
USA,1994,-6.2333,-1.66925292387951,,,,2.06391324712794,63284090264.9375,2.60744159215453,1.0,0.0,0.0,47.3534821707435,-2.79104450576323,-1.26916433061863,4.02902272637739,0.595,3.292,,6.119
USA,1995,-4.3222,-1.48644935848023,,,,1.95523553618241,74781404883.4358,2.80541968853662,1.0,0.0,0.0,47.2095352870886,-1.97872992947805,-1.17493388853482,2.68443073970295,-0.471,1.159,,5.65
USA,1996,-3.8547,-1.54496736206885,,,,1.66275864603054,64040728546.2044,2.93120419993441,1.0,0.0,0.0,46.7417685500108,-1.38087842596705,-1.19380086167408,3.77277269047364,0.277,-1.504,,5.451
USA,1997,-2.5501,-1.64061377884972,,,,1.2572687990174,58906941910.7012,2.33768993730735,1.0,0.0,0.0,44.1174824705231,-0.231068258169697,-1.18881237910304,4.44712793442667,0.812,-3.236,,5.0
USA,1998,1.6207,-2.37273907218914,,,,1.29127119690475,70714734123.4415,1.55227909874364,1.0,0.0,0.0,41.1291544339911,0.800634063338143,-1.79536892337118,4.48313335499124,0.249,-6.08,,4.511
USA,1999,4.2452,-2.97598256993022,,,,1.07377331452326,60499603711.0814,2.18802719697358,1.0,0.0,0.0,37.7272880185298,1.28675928537046,-2.69489528377232,4.78842504836746,0.216,-9.014,,4.219
USA,2000,4.6518,-3.92088461637514,,,,0.854272096906953,56600377652.723,3.37685727149929,1.0,0.0,0.0,33.2676418736523,2.23364620183569,-3.71744009727097,4.07758575997799,-0.372,-10.85,,3.992
USA,2001,6.6739,-3.72407526075822,,,,0.938134144021969,57633677027.9848,2.82617111885407,1.0,0.0,0.0,52.6289015925168,0.0139813827894706,-3.56028659802953,0.955538337599847,-2.318,11.5,,4.731
USA,2002,7.6891,-4.17334150234402,,,,1.11647810305723,67962414914.2413,1.58603162650601,1.0,0.0,0.0,54.0472378898626,-2.84500802810257,-4.02361290601209,1.70044733078285,-0.544,16.32,,5.783
USA,2003,7.7547,-4.55897769378821,,,,1.19878399570069,74894067978.4823,2.27009497336115,1.0,0.0,0.0,56.4292429155629,-4.07842394459017,-4.55599247585421,2.79560596378604,0.978,23.162,,5.989
USA,2004,8.0135,-5.20485224269137,,,,1.05559111218244,75889985333.4451,2.67723669309172,1.0,0.0,0.0,56.8322960522202,-3.82684864841327,-5.19056091103065,3.84777169267127,1.066,4.203,,5.529
USA,2005,8.1691,-5.74598267055862,,,,0.903588941772187,54083715801.8481,3.3927468454955,1.0,0.0,0.0,56.6929850051349,-3.03664635176537,-5.67444452292576,3.48354993710312,0.108,2.646,,5.084
USA,2006,10.1073,-5.91102091022869,,,,0.920734980795974,54853874760.9669,3.22594410070404,1.0,0.0,0.0,55.6206495230784,-2.10572293619459,-5.69250678744429,2.78453963674239,-0.587,-0.809,,4.623
USA,2007,11.6298,-5.08872735734161,,,,1.06599499526028,59524234464.1401,2.85267248150138,1.0,0.0,0.0,55.8142306449781,-2.43871452073299,-5.08443697308071,2.0038583039496,-0.753,-1.018,,4.622
USA,2008,6.6777,-4.71585990444596,,,,1.07901356702484,66607006099.5361,3.839100296651,1.0,0.0,0.0,63.9719179502151,-5.24151545897991,-5.01609967648987,0.113587247501258,-1.52,7.279,,5.784
USA,2009,1.238,-2.62283632200348,,,4.95990413551278,1.92028077353965,119718872595.852,-0.355546266299747,1.0,0.0,0.0,76.0321802627381,-10.1899701113415,-2.8950895171296,-2.5765002366652,-2.423,20.412,,9.254
USA,2010,-9.4305,-2.87064145448882,,,4.38774309355535,2.00331890203891,121391806197.94,1.6400434423899,1.0,0.0,0.0,85.1547923110491,-9.99381153701472,-3.53717207641639,2.69519258673525,2.618,29.341,,9.633
USA,2011,-13.9783,-2.91862065322661,,,3.78150447341426,1.96135892377522,136912226738.474,3.156841568622,1.0,0.0,0.0,89.7346954422037,-8.94621330674142,-3.71555101074813,1.56440685205419,1.003,25.763,,8.949
USA,2012,-16.1636,-2.57236847367136,,,3.31729162388854,2.04662420386995,139133870857.438,2.06933726526067,1.0,0.0,0.0,93.8330143343442,-7.3043865590991,-3.39373703778215,2.28911339009767,0.106,17.801,,8.069
USA,2013,-15.5667,-2.01090797096302,,,2.45239118205518,1.59421468829977,133533464073.2,1.46483265562717,1.0,0.0,0.0,95.5058927414252,-4.15034273198543,-2.83432252119183,2.11783009443471,0.127,10.351,,7.375
USA,2014,-14.7433,-2.10117617206317,,,1.85071180176898,1.48004639876335,119048483711.246,1.62222297740817,1.0,0.0,0.0,95.6360178458392,-3.70170258774664,-2.89014091098105,2.52381981757846,0.214,5.901,,6.168
USA,2015,-12.7333,-2.2325584903738,,,1.47342654705219,1.34985594012155,106539635766.333,0.118627135552451,1.0,0.0,0.0,96.1410808045622,-3.19804149971093,-2.86591667382253,2.94555045227337,0.416,2.308,,5.28
USA,2016,-9.6245,-2.10699725119707,,,1.32052217577727,1.44075451131827,106290809152.792,1.26158320570536,1.0,0.0,0.0,98.1169229551873,-3.83020224555147,-2.67627933189587,1.81945147909089,-0.61,2.611,,4.869
USA,2017,-6.8423,-1.87442427129943,,,1.12682415706513,1.48411996805483,112251905534.783,2.13011000365961,1.0,0.0,0.0,97.2074691432871,-2.94418313753416,-2.77037616875539,2.45762230126449,0.05,1.571,,4.355
USA,2018,-6.5036,-2.12518413076048,,,0.913161529735837,1.3600015179599,114756990011.769,2.44258329692817,1.0,0.0,0.0,98.62934291533,-4.77899854941656,-2.87113761100856,2.96650506701943,0.552,2.488,,3.896
USA,2019,-5.8043,-2.05182158462342,,,0.855251960083455,1.54805985915951,118437718706.204,1.81221007526021,1.0,0.0,0.0,100.234364169849,-5.35878674364723,-2.68008580508563,2.58382533052225,-0.085,2.117,,3.669
USA,2020,4.5786,-2.77659039897534,,,1.06536914566418,2.09737678529136,133849095923.967,1.23358439630629,1.0,0.0,0.0,124.509268439559,-14.3855994220614,-2.89378184080948,-2.081375977796,-3.238,27.302,,8.055
USA,2021,-0.9847,-3.61901225446136,,,0.813464699477564,1.97445270826071,240197337193.282,4.69785886363742,1.0,0.0,0.0,118.284809538371,-12.7072284020097,-3.57938846341164,6.15202247867526,3.934,19.655,,5.349
USA,2022,-6.2089,-3.81177015326345,,,0.71607362746051,1.67967044769329,232716637027.83,8.00279982052121,1.0,0.0,0.0,112.71753248772,-4.45683440176853,-3.59970406777088,2.52421385073222,0.326,12.483,,3.65
USA,2023,-10.6438,-3.33680827263036,,,0.846592385960373,1.79263382538627,234110801811.751,4.11633838374488,1.0,0.0,0.0,114.73462594651,-7.25485596488678,-2.82795073709931,2.93436322440155,-0.936,-9.775,,3.638
USA,2024,-12.4608,-4.04564637199117,,,0.972922460845953,1.94032058064747,227759698198.716,2.94952520485207,1.0,0.0,0.0,115.768352618316,-7.18895885533261,-3.06662434752828,2.79318715363841,0.043,-2.516,,4.022
USA,2025,-11.5378,-3.62698693844919,,,0.960307384017485,2.83633267220007,243272101358.273,,1.0,0.0,0.0,,,,2.16138195623856,-0.468,,,4.198
ZAF,1990,-0.7478,1.23093530701267,,,,1.19465480077854,1008333157.87227,14.3209918914915,2.58732083333333,-5.349,-1.348113394295336,32.3971949577925,-3.15245287878649,4.86528254330368,-0.317760426540374,,,,
ZAF,1991,-0.6503,1.03482370495217,,,,1.52429876674072,898759430.116294,15.3347785733672,2.761315,-3.69,6.724877890095593,33.9135908287352,-3.20833556543633,3.80002142818878,-1.0182449675445,-0.35,,,23.137
ZAF,1992,-1.3566,1.34745427194466,,,,1.45376401915937,991616032.390779,13.874703748615,2.85201416666667,-5.054,3.284636728032475,36.9022310979407,-7.77388868608349,3.58893970953496,-2.13703284500521,-0.979,,,23.463
ZAF,1993,-2.5224,1.90438081566821,,,,1.30157267285546,1019720966.70976,9.71742729803028,3.26774158333333,1.742,14.576625232985684,39.9507720898509,-8.078679346316,4.13060891586304,1.23355793864741,1.874,7.554,,23.361
ZAF,1994,-0.6368,0.0192951572527621,14.3430112992824,7739000000.0,,1.30339237556196,1685218535.33399,8.938563723594,3.55079833333334,0.892,8.662152216800202,44.8169697430772,-4.84119550439251,1.98406644359411,3.20000000297172,2.434,10.903,0.218,23.067
ZAF,1995,1.3366,-1.45179160612888,15.0170695489257,9673000000.0,,1.43270061747907,2819869227.10403,8.68042421392631,3.627085,-6.291,2.1484370416228415,44.8686189886337,-4.80429605618098,0.597687436248138,3.10000000054411,0.589,7.966,0.292,22.705
ZAF,1996,3.0546,-1.0280828308777,16.2687611496114,10832000000.0,,0.749182306824821,941556932.714946,7.35411972085333,4.29934916666667,-0.54,18.53455782444222,44.2298759185659,-4.66611162805924,1.35023470541686,4.29999999726792,0.767,4.279,0.087,22.5
ZAF,1997,4.3723,-1.31813387872595,18.4812481915831,10928000000.0,,1.81151705227386,4799414924.4435,8.59777611252274,4.60796166666667,-4.685,7.178121339683385,43.1755459966557,-3.3619580064389,1.01984928122529,2.60000000146347,-0.733,-1.641,0.439,22.549
ZAF,1998,7.6904,-1.4374968242162,17.3639916238851,11444000000.0,,1.76142933259018,4356853270.71678,6.88054521037351,5.52828416666667,0.569,19.972442623763143,44.6542617733798,-2.64728818513197,1.0027982981868,0.50000000034143,-1.967,-0.214,0.381,22.739
ZAF,1999,4.5899,-0.445657419944882,17.3421004881215,10815000000.0,,2.54961732709242,6353095479.60889,5.18148905111697,6.10948416666667,-3.923,10.513207759912246,42.1780316027359,-1.59283272266752,2.28013593205309,2.39999999746338,0.567,-2.052,0.587,22.884
ZAF,2000,1.818,-0.125570459653347,17.9488438094943,9553000000.0,,2.38388518393691,6082806131.77162,5.33895913599828,6.93982833333333,-8.027,13.591068313050325,39.6390583837328,-1.71684047324677,2.58788488597607,4.20000000067826,1.833,-3.536,0.637,22.788
ZAF,2001,4.5845,0.253001084795547,19.5001299531834,8355000000.0,,2.45317346788814,6045276919.15025,5.70189483049608,8.60918083333334,8.253,24.05466561732932,,-0.801927664009847,3.54237608330853,2.70000000019104,-0.4,,0.724,22.652
ZAF,2002,-2.4449,0.781937464700479,27.7913348185499,8054000000.0,,2.50168882524226,5904239858.41019,9.494713780996,10.5407466666667,31.384,22.436116405577767,,-1.39209881025107,3.39683280592358,3.70037440406668,0.167,,0.733,22.579
ZAF,2003,1.4114,-0.782449992267883,20.8478699394955,11195000000.0,,1.92764823872227,6495520282.58033,5.67942414068799,7.56474916666667,-4.325,-28.233270318611392,,-2.26456368589691,2.10668415382791,2.94907546754213,-0.167,,0.58,22.679
ZAF,2004,0.9695,-2.50726120703613,17.5007436072345,13547049696.3,,2.68935775221081,13141251628.1943,-0.692039437857687,6.4596925,-14.319,-14.60797499454436,,-1.68236664045094,-0.128537652673302,4.55455990721774,0.82,,0.97,22.567
ZAF,2005,5.1392,-2.7747758989594,15.8826881733744,17562071463.5,,3.16114379578521,18579129695.2026,2.06285308223427,6.35932833333333,-7.029,-1.553698828027339,,-0.161839834643574,-0.228252413945679,5.27705197295467,1.017,,1.058,22.472
ZAF,2006,11.7994,-4.00012427594728,19.3982301233549,24397000000.0,,3.23727857447778,23056918431.1639,3.2439076541923,6.77154916666667,-2.979,6.482144209674234,,0.781786917588248,-1.57164151069059,5.60380645895889,0.459,,0.945,22.304
ZAF,2007,12.2101,-4.86189160706926,22.5208680963182,29223000000.0,,3.46397510382695,29588572400.564,6.17781214809388,7.045365,-4.563,4.0436217266383245,,0.924679916294093,-1.20721034834303,5.36047405394162,-0.053,,1.013,22.26
ZAF,2008,8.9973,-5.1861810846768,24.1807678702619,31403000000.0,3.92151508288564,3.3280835307273,30583543856.9593,9.90998456005467,8.26122333333333,9.065,17.25756342408562,,-0.589095512830275,-1.46517645748784,3.1910438863288,-1.527,,0.974,22.407
ZAF,2009,3.5494,-2.38458187361532,26.1150557499132,29184000000.0,5.93611112398251,5.12662348081341,35237419576.4755,7.23809523809527,8.47367415824888,10.442,2.571663013373926,,-4.46450848490935,0.377957648767233,-1.53808913525583,-3.876,,1.207,23.523
ZAF,2010,-1.0683,-1.29901805615596,28.1821106821805,32073000000.0,5.79213600421704,4.54059848802417,38175057749.0238,4.06749555950263,7.32122196115288,-7.39,-13.600383677417193,,-4.44267265987092,1.16074809084438,3.03973288127956,1.476,,1.19,24.683
ZAF,2011,-4.4322,-2.01967628513274,27.7434703939165,29320000000.0,4.68085453063316,4.19180307031225,42595171246.0381,5.0008533879502,7.26113213232735,-11.279,-0.82076228728446,,-5.46206329752573,0.759946504853332,3.16855627858818,1.612,,1.453,24.639
ZAF,2012,-2.4869,-4.68373643403848,34.9384853404741,36482000000.0,4.04289177410579,4.33171873217314,43995470405.0297,5.73797139141739,8.20996862659332,-5.197,13.067335464694917,,-4.23209308673638,-1.3043188057987,2.39623238465745,-0.472,,1.206,24.727
ZAF,2013,-2.4758,-5.33837274756911,36.2098641892608,36242000000.0,3.64128702921644,4.30463726127469,44863675893.5691,5.78016910069176,9.65505606913526,-0.949,17.601619546524038,,-4.18299310803963,-2.11646698932911,2.48546800826588,-0.198,,1.238,24.561
ZAF,2014,-3.3971,-4.81243259488482,40.169798601073,42449000000.0,3.24484679094119,4.42516066122755,44267418380.4854,6.13282953059149,10.8526555687831,-3.422,12.403858569773174,,-3.43956150956059,-1.498335448365,1.41382645223793,-0.685,,1.043,24.89
ZAF,2015,-1.4058,-4.31028688643789,37.711086621978,37024000000.0,3.12168564309893,4.72421413251299,41619505756.7249,4.51869094892506,12.7589308811644,4.069,17.565058619058792,52.6511572360833,-4.56437663555894,-1.29939931974983,1.32186223678229,-0.419,7.997,1.124,25.149
ZAF,2016,-3.8635,-2.63361451678797,45.6902115131597,37200000000.0,2.85780789685003,5.43700662124582,42565588000.8565,6.60290842394872,14.7096108855267,13.362,15.288741843111842,53.7387913884354,-3.46049874466043,0.45091883491279,0.664552307858116,-0.469,11.561,1.144,26.536
ZAF,2017,-5.1247,-2.37436753188649,47.1927189929926,40886000000.0,2.84200004498428,5.2254571809234,45499292863.2361,5.18618655524149,13.3238014244992,-2.71,-9.421115703278371,56.2597208390879,-4.65754447743392,1.1442197330691,1.15794695181735,0.11,16.621,1.113,27.035
ZAF,2018,-5.6131,-3.00051939426576,45.7412901934993,47868200000.0,3.72802083553832,4.81246249518312,46478274116.6735,4.50987264867388,13.2339264715833,-8.32,-0.6745443740300838,59.1023114070608,-5.69551397247214,0.508529174050609,1.55678384721676,0.43,6.451,0.971,26.906
ZAF,2019,-4.9292,-2.6199906748304,50.2481328155576,44496000000.0,3.8923903817602,5.40690081512174,48919726656.867,4.10285075461156,14.4484270548333,-0.002,9.17717493638679,64.5892781351104,-5.75192703897,0.506262402089596,0.25993557687633,-0.732,10.85,1.099,28.468
ZAF,2020,-3.9165,2.00352275153333,52.7841323729174,37077000000.0,5.18028329482246,7.12354295570034,47387358995.5568,3.23238831615113,16.4591053903333,9.325,13.916243808888428,75.7255090793216,-9.92664872393274,4.39216924037491,-6.1689177146757,-4.718,19.466,1.278,29.217
ZAF,2021,-10.1259,3.7724136934501,41.0418957615734,36292000000.0,4.4542556212951,5.56291275582496,50262146617.2517,4.61874544887136,14.7786782139167,-8.198,-10.209711503539797,74.0826080051444,-4.55050349618667,6.21850738256707,4.85864865060148,5.209,14.98,1.385,34.007
ZAF,2022,-7.3869,-0.296182598127432,43.0995184381018,42949000000.0,4.14167269623936,4.91388463271698,53247530156.2544,7.03987272546482,16.3558534845,-3.074,10.671964351305196,76.2333180266081,-4.82712126967012,2.13174623051444,2.05813661692193,1.809,11.644,1.24,33.268
ZAF,2023,-7.4229,-1.10356312207881,44.1610440626778,42218911000.0,4.72216238902933,5.33074985880917,54176079020.3129,6.0752438457966,18.4502441785,7.516,12.805144629014919,79.4140619824567,-4.93740430848342,0.827749537292378,0.80610455095804,-1.768,3.689,1.283,32.098
ZAF,2024,-6.3357,-0.64279979707505,44.8309798829996,46828461000.0,4.53555112448807,5.67102712164407,54912456859.2265,4.36115246518962,18.3286575505,3.226,-0.6589973922496051,82.7627080034486,-4.79809758744051,1.93704365623559,0.534843531905139,-0.598,8.68,1.173,32.279
ZAF,2025,-5.1672,-0.422766754018983,,,,6.22465629934582,58399325333.6109,3.20550474112603,17.8887489855833,-1.832,-2.4001133945824593,,,1.90929232808787,1.11462608103956,0.296,,,32.391
